[HOOKS] ROI begin
Iteracion 0: Tamaño 2 
Iteracion 1: Tamaño 12 
Iteracion 2: Tamaño 2 
Iteracion 3: Tamaño 12 
Iteracion 4: Tamaño 2 
Iteracion 5: Tamaño 12 
Iteracion 6: Tamaño 2 
Iteracion 7: Tamaño 12 
Iteracion 8: Tamaño 2 
Size = 2 
Size = 12 

--- UPDATE ---

--- Landmark 0 ---
Robot pos: (3.000000, 0.000000, 0.000000)
Landmark pos: (2.998707, 5.998183)
q = 35.978195, sqrt(q) = 5.998183
H matrix:
0.166717 0.000036 -1.000000 -0.166717 -0.000036 0.000000 0.000000 0.000000 0.000000 0.000000 0.000000 0.000000 0.000000 0.000000 0.000000 
0.000216 -1.000000 0.000000 -0.000216 1.000000 0.000000 0.000000 0.000000 0.000000 0.000000 0.000000 0.000000 0.000000 0.000000 0.000000 
numEntries: 15 - NUM_MEAS_TYPE: 2 
HT matrix:
0.166717 - Indice i 0 - Indice j 0 
0.000216 - Indice i 0 - Indice j 1 

0.000036 - Indice i 1 - Indice j 0 
-1.000000 - Indice i 1 - Indice j 1 

-1.000000 - Indice i 2 - Indice j 0 
0.000000 - Indice i 2 - Indice j 1 

-0.166717 - Indice i 3 - Indice j 0 
-0.000216 - Indice i 3 - Indice j 1 

-0.000036 - Indice i 4 - Indice j 0 
1.000000 - Indice i 4 - Indice j 1 

0.000000 - Indice i 5 - Indice j 0 
0.000000 - Indice i 5 - Indice j 1 

0.000000 - Indice i 6 - Indice j 0 
0.000000 - Indice i 6 - Indice j 1 

0.000000 - Indice i 7 - Indice j 0 
0.000000 - Indice i 7 - Indice j 1 

0.000000 - Indice i 8 - Indice j 0 
0.000000 - Indice i 8 - Indice j 1 

0.000000 - Indice i 9 - Indice j 0 
0.000000 - Indice i 9 - Indice j 1 

0.000000 - Indice i 10 - Indice j 0 
0.000000 - Indice i 10 - Indice j 1 

0.000000 - Indice i 11 - Indice j 0 
0.000000 - Indice i 11 - Indice j 1 

0.000000 - Indice i 12 - Indice j 0 
0.000000 - Indice i 12 - Indice j 1 

0.000000 - Indice i 13 - Indice j 0 
0.000000 - Indice i 13 - Indice j 1 

0.000000 - Indice i 14 - Indice j 0 
0.000000 - Indice i 14 - Indice j 1 

Expected (beta, range): (1.571012, 5.998183)
Measured (beta, range): (1.581500, 5.988300)

--- Diff vector ---
diff[0][0] = 0.010488
diff[1][0] = -0.009883
Temp1:
0.0105 -0.0300 -0.0200 -0.0008 -0.0001 0.0000 0.0000 0.0000 0.0000 0.0000 0.0000 0.0000 0.0000 0.0000 0.0000 
0.0000 -0.1004 -0.0300 0.0008 0.0060 0.0000 0.0000 0.0000 0.0000 0.0000 0.0000 0.0000 0.0000 0.0000 0.0000 
Temp2:
0.0219 0.0299 
0.0299 0.1064 
Temp3:
0.0220 0.0299 
0.0299 0.1128 
Temp4:
71.0610 -18.8152 
-18.8152 13.8455 
Temp5:
0.0105 0.0000 
-0.0300 -0.1004 
-0.0200 -0.0300 
-0.0008 0.0008 
-0.0001 0.0060 
0.0000 0.0000 
0.0000 0.0000 
0.0000 0.0000 
0.0000 0.0000 
0.0000 0.0000 
0.0000 0.0000 
0.0000 0.0000 
0.0000 0.0000 
0.0000 0.0000 
0.0000 0.0000 

--- Kalman Gain ---
K[0][0] = 0.744927
K[0][1] = -0.197118
K[1][0] = -0.242528
K[1][1] = -0.825704
K[2][0] = -0.856688
K[2][1] = -0.039083
K[3][0] = -0.072088
K[3][1] = 0.025824
K[4][0] = -0.122287
K[4][1] = 0.085732
K[5][0] = 0.000000
K[5][1] = 0.000000
K[6][0] = 0.000000
K[6][1] = 0.000000
K[7][0] = 0.000000
K[7][1] = 0.000000
K[8][0] = 0.000000
K[8][1] = 0.000000
K[9][0] = 0.000000
K[9][1] = 0.000000
K[10][0] = 0.000000
K[10][1] = 0.000000
K[11][0] = 0.000000
K[11][1] = 0.000000
K[12][0] = 0.000000
K[12][1] = 0.000000
K[13][0] = 0.000000
K[13][1] = 0.000000
K[14][0] = 0.000000
K[14][1] = 0.000000

--- State Update ---
ΔX[0] = 0.009761
ΔX[1] = 0.005617
ΔX[2] = -0.008599
ΔX[3] = -0.001011
ΔX[4] = -0.002130
ΔX[5] = 0.000000
ΔX[6] = 0.000000
ΔX[7] = 0.000000
ΔX[8] = 0.000000
ΔX[9] = 0.000000
ΔX[10] = 0.000000
ΔX[11] = 0.000000
ΔX[12] = 0.000000
ΔX[13] = 0.000000
ΔX[14] = 0.000000
Temp6:
0.1241 0.1971 -0.7449 -0.1241 -0.1971 0.0000 0.0000 0.0000 0.0000 0.0000 0.0000 0.0000 0.0000 0.0000 0.0000 
-0.0406 0.8257 0.2425 0.0406 -0.8257 0.0000 0.0000 0.0000 0.0000 0.0000 0.0000 0.0000 0.0000 0.0000 0.0000 
-0.1428 0.0391 0.8567 0.1428 -0.0391 0.0000 0.0000 0.0000 0.0000 0.0000 0.0000 0.0000 0.0000 0.0000 0.0000 
-0.0120 -0.0258 0.0721 0.0120 0.0258 0.0000 0.0000 0.0000 0.0000 0.0000 0.0000 0.0000 0.0000 0.0000 0.0000 
-0.0204 -0.0857 0.1223 0.0204 0.0857 0.0000 0.0000 0.0000 0.0000 0.0000 0.0000 0.0000 0.0000 0.0000 0.0000 
0.0000 0.0000 0.0000 0.0000 0.0000 0.0000 0.0000 0.0000 0.0000 0.0000 0.0000 0.0000 0.0000 0.0000 0.0000 
0.0000 0.0000 0.0000 0.0000 0.0000 0.0000 0.0000 0.0000 0.0000 0.0000 0.0000 0.0000 0.0000 0.0000 0.0000 
0.0000 0.0000 0.0000 0.0000 0.0000 0.0000 0.0000 0.0000 0.0000 0.0000 0.0000 0.0000 0.0000 0.0000 0.0000 
0.0000 0.0000 0.0000 0.0000 0.0000 0.0000 0.0000 0.0000 0.0000 0.0000 0.0000 0.0000 0.0000 0.0000 0.0000 
0.0000 0.0000 0.0000 0.0000 0.0000 0.0000 0.0000 0.0000 0.0000 0.0000 0.0000 0.0000 0.0000 0.0000 0.0000 
0.0000 0.0000 0.0000 0.0000 0.0000 0.0000 0.0000 0.0000 0.0000 0.0000 0.0000 0.0000 0.0000 0.0000 0.0000 
0.0000 0.0000 0.0000 0.0000 0.0000 0.0000 0.0000 0.0000 0.0000 0.0000 0.0000 0.0000 0.0000 0.0000 0.0000 
0.0000 0.0000 0.0000 0.0000 0.0000 0.0000 0.0000 0.0000 0.0000 0.0000 0.0000 0.0000 0.0000 0.0000 0.0000 
0.0000 0.0000 0.0000 0.0000 0.0000 0.0000 0.0000 0.0000 0.0000 0.0000 0.0000 0.0000 0.0000 0.0000 0.0000 
0.0000 0.0000 0.0000 0.0000 0.0000 0.0000 0.0000 0.0000 0.0000 0.0000 0.0000 0.0000 0.0000 0.0000 0.0000 
CovUpdate:
0.8759 -0.1971 0.7449 0.1241 0.1971 0.0000 0.0000 0.0000 0.0000 0.0000 0.0000 0.0000 0.0000 0.0000 0.0000 
0.0406 0.1743 -0.2425 -0.0406 0.8257 0.0000 0.0000 0.0000 0.0000 0.0000 0.0000 0.0000 0.0000 0.0000 0.0000 
0.1428 -0.0391 0.1433 -0.1428 0.0391 0.0000 0.0000 0.0000 0.0000 0.0000 0.0000 0.0000 0.0000 0.0000 0.0000 
0.0120 0.0258 -0.0721 0.9880 -0.0258 0.0000 0.0000 0.0000 0.0000 0.0000 0.0000 0.0000 0.0000 0.0000 0.0000 
0.0204 0.0857 -0.1223 -0.0204 0.9143 0.0000 0.0000 0.0000 0.0000 0.0000 0.0000 0.0000 0.0000 0.0000 0.0000 
0.0000 0.0000 0.0000 0.0000 0.0000 1.0000 0.0000 0.0000 0.0000 0.0000 0.0000 0.0000 0.0000 0.0000 0.0000 
0.0000 0.0000 0.0000 0.0000 0.0000 0.0000 1.0000 0.0000 0.0000 0.0000 0.0000 0.0000 0.0000 0.0000 0.0000 
0.0000 0.0000 0.0000 0.0000 0.0000 0.0000 0.0000 1.0000 0.0000 0.0000 0.0000 0.0000 0.0000 0.0000 0.0000 
0.0000 0.0000 0.0000 0.0000 0.0000 0.0000 0.0000 0.0000 1.0000 0.0000 0.0000 0.0000 0.0000 0.0000 0.0000 
0.0000 0.0000 0.0000 0.0000 0.0000 0.0000 0.0000 0.0000 0.0000 1.0000 0.0000 0.0000 0.0000 0.0000 0.0000 
0.0000 0.0000 0.0000 0.0000 0.0000 0.0000 0.0000 0.0000 0.0000 0.0000 1.0000 0.0000 0.0000 0.0000 0.0000 
0.0000 0.0000 0.0000 0.0000 0.0000 0.0000 0.0000 0.0000 0.0000 0.0000 0.0000 1.0000 0.0000 0.0000 0.0000 
0.0000 0.0000 0.0000 0.0000 0.0000 0.0000 0.0000 0.0000 0.0000 0.0000 0.0000 0.0000 1.0000 0.0000 0.0000 
0.0000 0.0000 0.0000 0.0000 0.0000 0.0000 0.0000 0.0000 0.0000 0.0000 0.0000 0.0000 0.0000 1.0000 0.0000 
0.0000 0.0000 0.0000 0.0000 0.0000 0.0000 0.0000 0.0000 0.0000 0.0000 0.0000 0.0000 0.0000 0.0000 1.0000 
Temp7:
0.0551 0.0026 0.0090 0.0008 0.0013 0.0000 0.0000 0.0000 0.0000 0.0000 0.0000 0.0000 0.0000 0.0000 0.0000 
0.0026 0.0102 0.0004 0.0004 0.0049 0.0000 0.0000 0.0000 0.0000 0.0000 0.0000 0.0000 0.0000 0.0000 0.0000 
0.0090 0.0004 0.0017 -0.0007 0.0001 0.0000 0.0000 0.0000 0.0000 0.0000 0.0000 0.0000 0.0000 0.0000 0.0000 
0.0008 0.0004 -0.0007 0.0048 0.0006 0.0000 0.0000 0.0000 0.0000 0.0000 0.0000 0.0000 0.0000 0.0000 0.0000 
0.0013 0.0049 0.0001 0.0006 0.0055 0.0000 0.0000 0.0000 0.0000 0.0000 0.0000 0.0000 0.0000 0.0000 0.0000 
0.0000 0.0000 0.0000 0.0000 0.0000 0.0148 -0.0021 0.0000 0.0000 0.0000 0.0000 0.0000 0.0000 0.0000 0.0000 
0.0000 0.0000 0.0000 0.0000 0.0000 -0.0021 0.0069 0.0000 0.0000 0.0000 0.0000 0.0000 0.0000 0.0000 0.0000 
0.0000 0.0000 0.0000 0.0000 0.0000 0.0000 0.0000 0.0092 -0.0024 0.0000 0.0000 0.0000 0.0000 0.0000 0.0000 
0.0000 0.0000 0.0000 0.0000 0.0000 0.0000 0.0000 -0.0024 0.0085 0.0000 0.0000 0.0000 0.0000 0.0000 0.0000 
0.0000 0.0000 0.0000 0.0000 0.0000 0.0000 0.0000 0.0000 0.0000 0.0209 -0.0072 0.0000 0.0000 0.0000 0.0000 
0.0000 0.0000 0.0000 0.0000 0.0000 0.0000 0.0000 0.0000 0.0000 -0.0072 0.0100 0.0000 0.0000 0.0000 0.0000 
0.0000 0.0000 0.0000 0.0000 0.0000 0.0000 0.0000 0.0000 0.0000 0.0000 0.0000 0.0085 -0.0039 0.0000 0.0000 
0.0000 0.0000 0.0000 0.0000 0.0000 0.0000 0.0000 0.0000 0.0000 0.0000 0.0000 -0.0039 0.0136 0.0000 0.0000 
0.0000 0.0000 0.0000 0.0000 0.0000 0.0000 0.0000 0.0000 0.0000 0.0000 0.0000 0.0000 0.0000 0.0173 -0.0100 
0.0000 0.0000 0.0000 0.0000 0.0000 0.0000 0.0000 0.0000 0.0000 0.0000 0.0000 0.0000 0.0000 -0.0100 0.0156 
Matriz P después de update:
0.055091 0.002554 0.008984 0.000756 0.001281 0.000000 0.000000 0.000000 0.000000 0.000000 0.000000 0.000000 0.000000 0.000000 0.000000 
0.002554 0.010224 0.000379 0.000430 0.004939 0.000000 0.000000 0.000000 0.000000 0.000000 0.000000 0.000000 0.000000 0.000000 0.000000 
0.008984 0.000379 0.001695 -0.000667 0.000126 0.000000 0.000000 0.000000 0.000000 0.000000 0.000000 0.000000 0.000000 0.000000 0.000000 
0.000756 0.000430 -0.000667 0.004799 0.000597 0.000000 0.000000 0.000000 0.000000 0.000000 0.000000 0.000000 0.000000 0.000000 0.000000 
0.001281 0.004939 0.000126 0.000597 0.005488 0.000000 0.000000 0.000000 0.000000 0.000000 0.000000 0.000000 0.000000 0.000000 0.000000 
0.000000 0.000000 0.000000 0.000000 0.000000 0.014804 -0.002102 0.000000 0.000000 0.000000 0.000000 0.000000 0.000000 0.000000 0.000000 
0.000000 0.000000 0.000000 0.000000 0.000000 -0.002102 0.006926 0.000000 0.000000 0.000000 0.000000 0.000000 0.000000 0.000000 0.000000 
0.000000 0.000000 0.000000 0.000000 0.000000 0.000000 0.000000 0.009172 -0.002425 0.000000 0.000000 0.000000 0.000000 0.000000 0.000000 
0.000000 0.000000 0.000000 0.000000 0.000000 0.000000 0.000000 -0.002425 0.008522 0.000000 0.000000 0.000000 0.000000 0.000000 0.000000 
0.000000 0.000000 0.000000 0.000000 0.000000 0.000000 0.000000 0.000000 0.000000 0.020876 -0.007239 0.000000 0.000000 0.000000 0.000000 
0.000000 0.000000 0.000000 0.000000 0.000000 0.000000 0.000000 0.000000 0.000000 -0.007239 0.010020 0.000000 0.000000 0.000000 0.000000 
0.000000 0.000000 0.000000 0.000000 0.000000 0.000000 0.000000 0.000000 0.000000 0.000000 0.000000 0.008541 -0.003923 0.000000 0.000000 
0.000000 0.000000 0.000000 0.000000 0.000000 0.000000 0.000000 0.000000 0.000000 0.000000 0.000000 -0.003923 0.013590 0.000000 0.000000 
0.000000 0.000000 0.000000 0.000000 0.000000 0.000000 0.000000 0.000000 0.000000 0.000000 0.000000 0.000000 0.000000 0.017328 -0.010016 
0.000000 0.000000 0.000000 0.000000 0.000000 0.000000 0.000000 0.000000 0.000000 0.000000 0.000000 0.000000 0.000000 -0.010016 0.015581 

--- Landmark 1 ---
Robot pos: (3.009761, 0.005617, -0.008599)
Landmark pos: (3.004295, 12.011175)
q = 144.133462, sqrt(q) = 12.005560
H matrix:
0.083295 0.000038 -1.000000 0.000000 0.000000 -0.083295 -0.000038 0.000000 0.000000 0.000000 0.000000 0.000000 0.000000 0.000000 0.000000 
0.000455 -1.000000 0.000000 0.000000 0.000000 -0.000455 1.000000 0.000000 0.000000 0.000000 0.000000 0.000000 0.000000 0.000000 0.000000 
numEntries: 15 - NUM_MEAS_TYPE: 2 
HT matrix:
0.083295 - Indice i 0 - Indice j 0 
0.000455 - Indice i 0 - Indice j 1 

0.000038 - Indice i 1 - Indice j 0 
-1.000000 - Indice i 1 - Indice j 1 

-1.000000 - Indice i 2 - Indice j 0 
0.000000 - Indice i 2 - Indice j 1 

0.000000 - Indice i 3 - Indice j 0 
0.000000 - Indice i 3 - Indice j 1 

0.000000 - Indice i 4 - Indice j 0 
0.000000 - Indice i 4 - Indice j 1 

-0.083295 - Indice i 5 - Indice j 0 
-0.000455 - Indice i 5 - Indice j 1 

-0.000038 - Indice i 6 - Indice j 0 
1.000000 - Indice i 6 - Indice j 1 

0.000000 - Indice i 7 - Indice j 0 
0.000000 - Indice i 7 - Indice j 1 

0.000000 - Indice i 8 - Indice j 0 
0.000000 - Indice i 8 - Indice j 1 

0.000000 - Indice i 9 - Indice j 0 
0.000000 - Indice i 9 - Indice j 1 

0.000000 - Indice i 10 - Indice j 0 
0.000000 - Indice i 10 - Indice j 1 

0.000000 - Indice i 11 - Indice j 0 
0.000000 - Indice i 11 - Indice j 1 

0.000000 - Indice i 12 - Indice j 0 
0.000000 - Indice i 12 - Indice j 1 

0.000000 - Indice i 13 - Indice j 0 
0.000000 - Indice i 13 - Indice j 1 

0.000000 - Indice i 14 - Indice j 0 
0.000000 - Indice i 14 - Indice j 1 

Expected (beta, range): (1.579850, 12.005560)
Measured (beta, range): (1.577500, 11.995600)

--- Diff vector ---
diff[0][0] = -0.002350
diff[1][0] = -0.009960
Temp1:
-0.0044 -0.0002 -0.0009 0.0007 -0.0000 -0.0012 0.0002 0.0000 0.0000 0.0000 0.0000 0.0000 0.0000 0.0000 0.0000 
-0.0025 -0.0102 -0.0004 -0.0004 -0.0049 -0.0021 0.0069 0.0000 0.0000 0.0000 0.0000 0.0000 0.0000 0.0000 0.0000 
Temp2:
0.0007 0.0003 
0.0003 0.0171 
Temp3:
0.0008 0.0003 
0.0003 0.0235 
Temp4:
1285.2679 -18.4899 
-18.4899 42.7294 
Temp5:
-0.0044 -0.0025 
-0.0002 -0.0102 
-0.0009 -0.0004 
0.0007 -0.0004 
-0.0000 -0.0049 
-0.0012 -0.0021 
0.0002 0.0069 
0.0000 0.0000 
0.0000 0.0000 
0.0000 0.0000 
0.0000 0.0000 
0.0000 0.0000 
0.0000 0.0000 
0.0000 0.0000 
0.0000 0.0000 

--- Kalman Gain ---
K[0][0] = -5.602382
K[0][1] = -0.026811
K[1][0] = -0.023565
K[1][1] = -0.433771
K[2][0] = -1.209376
K[2][1] = 0.001496
K[3][0] = 0.946077
K[3][1] = -0.031871
K[4][0] = 0.066315
K[4][1] = -0.210671
K[5][0] = -1.545729
K[5][1] = -0.067306
K[6][0] = 0.096617
K[6][1] = 0.292742
K[7][0] = 0.000000
K[7][1] = 0.000000
K[8][0] = 0.000000
K[8][1] = 0.000000
K[9][0] = 0.000000
K[9][1] = 0.000000
K[10][0] = 0.000000
K[10][1] = 0.000000
K[11][0] = 0.000000
K[11][1] = 0.000000
K[12][0] = 0.000000
K[12][1] = 0.000000
K[13][0] = 0.000000
K[13][1] = 0.000000
K[14][0] = 0.000000
K[14][1] = 0.000000

--- State Update ---
ΔX[0] = 0.013435
ΔX[1] = 0.004376
ΔX[2] = 0.002828
ΔX[3] = -0.001906
ΔX[4] = 0.001942
ΔX[5] = 0.004303
ΔX[6] = -0.003143
ΔX[7] = 0.000000
ΔX[8] = 0.000000
ΔX[9] = 0.000000
ΔX[10] = 0.000000
ΔX[11] = 0.000000
ΔX[12] = 0.000000
ΔX[13] = 0.000000
ΔX[14] = 0.000000
Temp6:
-0.4667 0.0266 5.6024 0.0000 0.0000 0.4667 -0.0266 0.0000 0.0000 0.0000 0.0000 0.0000 0.0000 0.0000 0.0000 
-0.0022 0.4338 0.0236 0.0000 0.0000 0.0022 -0.4338 0.0000 0.0000 0.0000 0.0000 0.0000 0.0000 0.0000 0.0000 
-0.1007 -0.0015 1.2094 0.0000 0.0000 0.1007 0.0015 0.0000 0.0000 0.0000 0.0000 0.0000 0.0000 0.0000 0.0000 
0.0788 0.0319 -0.9461 0.0000 0.0000 -0.0788 -0.0319 0.0000 0.0000 0.0000 0.0000 0.0000 0.0000 0.0000 0.0000 
0.0054 0.2107 -0.0663 0.0000 0.0000 -0.0054 -0.2107 0.0000 0.0000 0.0000 0.0000 0.0000 0.0000 0.0000 0.0000 
-0.1288 0.0672 1.5457 0.0000 0.0000 0.1288 -0.0672 0.0000 0.0000 0.0000 0.0000 0.0000 0.0000 0.0000 0.0000 
0.0082 -0.2927 -0.0966 0.0000 0.0000 -0.0082 0.2927 0.0000 0.0000 0.0000 0.0000 0.0000 0.0000 0.0000 0.0000 
0.0000 0.0000 0.0000 0.0000 0.0000 0.0000 0.0000 0.0000 0.0000 0.0000 0.0000 0.0000 0.0000 0.0000 0.0000 
0.0000 0.0000 0.0000 0.0000 0.0000 0.0000 0.0000 0.0000 0.0000 0.0000 0.0000 0.0000 0.0000 0.0000 0.0000 
0.0000 0.0000 0.0000 0.0000 0.0000 0.0000 0.0000 0.0000 0.0000 0.0000 0.0000 0.0000 0.0000 0.0000 0.0000 
0.0000 0.0000 0.0000 0.0000 0.0000 0.0000 0.0000 0.0000 0.0000 0.0000 0.0000 0.0000 0.0000 0.0000 0.0000 
0.0000 0.0000 0.0000 0.0000 0.0000 0.0000 0.0000 0.0000 0.0000 0.0000 0.0000 0.0000 0.0000 0.0000 0.0000 
0.0000 0.0000 0.0000 0.0000 0.0000 0.0000 0.0000 0.0000 0.0000 0.0000 0.0000 0.0000 0.0000 0.0000 0.0000 
0.0000 0.0000 0.0000 0.0000 0.0000 0.0000 0.0000 0.0000 0.0000 0.0000 0.0000 0.0000 0.0000 0.0000 0.0000 
0.0000 0.0000 0.0000 0.0000 0.0000 0.0000 0.0000 0.0000 0.0000 0.0000 0.0000 0.0000 0.0000 0.0000 0.0000 
CovUpdate:
1.4667 -0.0266 -5.6024 0.0000 0.0000 -0.4667 0.0266 0.0000 0.0000 0.0000 0.0000 0.0000 0.0000 0.0000 0.0000 
0.0022 0.5662 -0.0236 0.0000 0.0000 -0.0022 0.4338 0.0000 0.0000 0.0000 0.0000 0.0000 0.0000 0.0000 0.0000 
0.1007 0.0015 -0.2094 0.0000 0.0000 -0.1007 -0.0015 0.0000 0.0000 0.0000 0.0000 0.0000 0.0000 0.0000 0.0000 
-0.0788 -0.0319 0.9461 1.0000 0.0000 0.0788 0.0319 0.0000 0.0000 0.0000 0.0000 0.0000 0.0000 0.0000 0.0000 
-0.0054 -0.2107 0.0663 0.0000 1.0000 0.0054 0.2107 0.0000 0.0000 0.0000 0.0000 0.0000 0.0000 0.0000 0.0000 
0.1288 -0.0672 -1.5457 0.0000 0.0000 0.8712 0.0672 0.0000 0.0000 0.0000 0.0000 0.0000 0.0000 0.0000 0.0000 
-0.0082 0.2927 0.0966 0.0000 0.0000 0.0082 0.7073 0.0000 0.0000 0.0000 0.0000 0.0000 0.0000 0.0000 0.0000 
0.0000 0.0000 0.0000 0.0000 0.0000 0.0000 0.0000 1.0000 0.0000 0.0000 0.0000 0.0000 0.0000 0.0000 0.0000 
0.0000 0.0000 0.0000 0.0000 0.0000 0.0000 0.0000 0.0000 1.0000 0.0000 0.0000 0.0000 0.0000 0.0000 0.0000 
0.0000 0.0000 0.0000 0.0000 0.0000 0.0000 0.0000 0.0000 0.0000 1.0000 0.0000 0.0000 0.0000 0.0000 0.0000 
0.0000 0.0000 0.0000 0.0000 0.0000 0.0000 0.0000 0.0000 0.0000 0.0000 1.0000 0.0000 0.0000 0.0000 0.0000 
0.0000 0.0000 0.0000 0.0000 0.0000 0.0000 0.0000 0.0000 0.0000 0.0000 0.0000 1.0000 0.0000 0.0000 0.0000 
0.0000 0.0000 0.0000 0.0000 0.0000 0.0000 0.0000 0.0000 0.0000 0.0000 0.0000 0.0000 1.0000 0.0000 0.0000 
0.0000 0.0000 0.0000 0.0000 0.0000 0.0000 0.0000 0.0000 0.0000 0.0000 0.0000 0.0000 0.0000 1.0000 0.0000 
0.0000 0.0000 0.0000 0.0000 0.0000 0.0000 0.0000 0.0000 0.0000 0.0000 0.0000 0.0000 0.0000 0.0000 1.0000 
Temp7:
0.0304 0.0014 0.0037 0.0048 0.0010 -0.0070 0.0012 0.0000 0.0000 0.0000 0.0000 0.0000 0.0000 0.0000 0.0000 
0.0014 0.0058 0.0002 0.0003 0.0028 -0.0009 0.0030 0.0000 0.0000 0.0000 0.0000 0.0000 0.0000 0.0000 0.0000 
0.0037 0.0002 0.0006 0.0002 0.0001 -0.0015 0.0002 0.0000 0.0000 0.0000 0.0000 0.0000 0.0000 0.0000 0.0000 
0.0048 0.0003 0.0002 0.0041 0.0005 0.0011 0.0001 0.0000 0.0000 0.0000 0.0000 0.0000 0.0000 0.0000 0.0000 
0.0010 0.0028 0.0001 0.0005 0.0044 -0.0004 0.0014 0.0000 0.0000 0.0000 0.0000 0.0000 0.0000 0.0000 0.0000 
-0.0070 -0.0009 -0.0015 0.0011 -0.0004 0.0128 -0.0014 0.0000 0.0000 0.0000 0.0000 0.0000 0.0000 0.0000 0.0000 
0.0012 0.0030 0.0002 0.0001 0.0014 -0.0014 0.0049 0.0000 0.0000 0.0000 0.0000 0.0000 0.0000 0.0000 0.0000 
0.0000 0.0000 0.0000 0.0000 0.0000 0.0000 0.0000 0.0092 -0.0024 0.0000 0.0000 0.0000 0.0000 0.0000 0.0000 
0.0000 0.0000 0.0000 0.0000 0.0000 0.0000 0.0000 -0.0024 0.0085 0.0000 0.0000 0.0000 0.0000 0.0000 0.0000 
0.0000 0.0000 0.0000 0.0000 0.0000 0.0000 0.0000 0.0000 0.0000 0.0209 -0.0072 0.0000 0.0000 0.0000 0.0000 
0.0000 0.0000 0.0000 0.0000 0.0000 0.0000 0.0000 0.0000 0.0000 -0.0072 0.0100 0.0000 0.0000 0.0000 0.0000 
0.0000 0.0000 0.0000 0.0000 0.0000 0.0000 0.0000 0.0000 0.0000 0.0000 0.0000 0.0085 -0.0039 0.0000 0.0000 
0.0000 0.0000 0.0000 0.0000 0.0000 0.0000 0.0000 0.0000 0.0000 0.0000 0.0000 -0.0039 0.0136 0.0000 0.0000 
0.0000 0.0000 0.0000 0.0000 0.0000 0.0000 0.0000 0.0000 0.0000 0.0000 0.0000 0.0000 0.0000 0.0173 -0.0100 
0.0000 0.0000 0.0000 0.0000 0.0000 0.0000 0.0000 0.0000 0.0000 0.0000 0.0000 0.0000 0.0000 -0.0100 0.0156 
Matriz P después de update:
0.030399 0.001354 0.003672 0.004833 0.001040 -0.006964 0.001165 0.000000 0.000000 0.000000 0.000000 0.000000 0.000000 0.000000 0.000000 
0.001354 0.005786 0.000194 0.000261 0.002797 -0.000944 0.003009 0.000000 0.000000 0.000000 0.000000 0.000000 0.000000 0.000000 0.000000 
0.003672 0.000194 0.000551 0.000216 0.000110 -0.001488 0.000201 0.000000 0.000000 0.000000 0.000000 0.000000 0.000000 0.000000 0.000000 
0.004833 0.000261 0.000216 0.004095 0.000458 0.001099 0.000055 0.000000 0.000000 0.000000 0.000000 0.000000 0.000000 0.000000 0.000000 
0.001040 0.002797 0.000110 0.000458 0.004449 -0.000362 0.001448 0.000000 0.000000 0.000000 0.000000 0.000000 0.000000 0.000000 0.000000 
-0.006964 -0.000944 -0.001488 0.001099 -0.000362 0.012756 -0.001366 0.000000 0.000000 0.000000 0.000000 0.000000 0.000000 0.000000 0.000000 
0.001165 0.003009 0.000201 0.000055 0.001448 -0.001366 0.004881 0.000000 0.000000 0.000000 0.000000 0.000000 0.000000 0.000000 0.000000 
0.000000 0.000000 0.000000 0.000000 0.000000 0.000000 0.000000 0.009172 -0.002425 0.000000 0.000000 0.000000 0.000000 0.000000 0.000000 
0.000000 0.000000 0.000000 0.000000 0.000000 0.000000 0.000000 -0.002425 0.008522 0.000000 0.000000 0.000000 0.000000 0.000000 0.000000 
0.000000 0.000000 0.000000 0.000000 0.000000 0.000000 0.000000 0.000000 0.000000 0.020876 -0.007239 0.000000 0.000000 0.000000 0.000000 
0.000000 0.000000 0.000000 0.000000 0.000000 0.000000 0.000000 0.000000 0.000000 -0.007239 0.010020 0.000000 0.000000 0.000000 0.000000 
0.000000 0.000000 0.000000 0.000000 0.000000 0.000000 0.000000 0.000000 0.000000 0.000000 0.000000 0.008541 -0.003923 0.000000 0.000000 
0.000000 0.000000 0.000000 0.000000 0.000000 0.000000 0.000000 0.000000 0.000000 0.000000 0.000000 -0.003923 0.013590 0.000000 0.000000 
0.000000 0.000000 0.000000 0.000000 0.000000 0.000000 0.000000 0.000000 0.000000 0.000000 0.000000 0.000000 0.000000 0.017328 -0.010016 
0.000000 0.000000 0.000000 0.000000 0.000000 0.000000 0.000000 0.000000 0.000000 0.000000 0.000000 0.000000 0.000000 -0.010016 0.015581 

--- Landmark 2 ---
Robot pos: (3.023195, 0.009992, -0.005771)
Landmark pos: (6.997659, 7.997868)
q = 79.602526, sqrt(q) = 8.922025
H matrix:
0.100347 -0.049929 -1.000000 0.000000 0.000000 0.000000 0.000000 -0.100347 0.049929 0.000000 0.000000 0.000000 0.000000 0.000000 0.000000 
-0.445467 -0.895299 0.000000 0.000000 0.000000 0.000000 0.000000 0.445467 0.895299 0.000000 0.000000 0.000000 0.000000 0.000000 0.000000 
numEntries: 15 - NUM_MEAS_TYPE: 2 
HT matrix:
0.100347 - Indice i 0 - Indice j 0 
-0.445467 - Indice i 0 - Indice j 1 

-0.049929 - Indice i 1 - Indice j 0 
-0.895299 - Indice i 1 - Indice j 1 

-1.000000 - Indice i 2 - Indice j 0 
0.000000 - Indice i 2 - Indice j 1 

0.000000 - Indice i 3 - Indice j 0 
0.000000 - Indice i 3 - Indice j 1 

0.000000 - Indice i 4 - Indice j 0 
0.000000 - Indice i 4 - Indice j 1 

0.000000 - Indice i 5 - Indice j 0 
0.000000 - Indice i 5 - Indice j 1 

0.000000 - Indice i 6 - Indice j 0 
0.000000 - Indice i 6 - Indice j 1 

-0.100347 - Indice i 7 - Indice j 0 
0.445467 - Indice i 7 - Indice j 1 

0.049929 - Indice i 8 - Indice j 0 
0.895299 - Indice i 8 - Indice j 1 

0.000000 - Indice i 9 - Indice j 0 
0.000000 - Indice i 9 - Indice j 1 

0.000000 - Indice i 10 - Indice j 0 
0.000000 - Indice i 10 - Indice j 1 

0.000000 - Indice i 11 - Indice j 0 
0.000000 - Indice i 11 - Indice j 1 

0.000000 - Indice i 12 - Indice j 0 
0.000000 - Indice i 12 - Indice j 1 

0.000000 - Indice i 13 - Indice j 0 
0.000000 - Indice i 13 - Indice j 1 

0.000000 - Indice i 14 - Indice j 0 
0.000000 - Indice i 14 - Indice j 1 

Expected (beta, range): (1.114872, 8.922025)
Measured (beta, range): (1.114500, 8.921000)

--- Diff vector ---
diff[0][0] = -0.000372
diff[1][0] = -0.001025
Temp1:
-0.0007 -0.0003 -0.0002 0.0003 -0.0001 0.0008 -0.0002 -0.0010 0.0007 0.0000 0.0000 0.0000 0.0000 0.0000 0.0000 
-0.0148 -0.0058 -0.0018 -0.0024 -0.0030 0.0039 -0.0032 0.0019 0.0065 0.0000 0.0000 0.0000 0.0000 0.0000 0.0000 
Temp2:
0.0003 0.0008 
0.0008 0.0185 
Temp3:
0.0004 0.0008 
0.0008 0.0249 
Temp4:
2815.4923 -85.2130 
-85.2130 42.7941 
Temp5:
-0.0007 -0.0148 
-0.0003 -0.0058 
-0.0002 -0.0018 
0.0003 -0.0024 
-0.0001 -0.0030 
0.0008 0.0039 
-0.0002 -0.0032 
-0.0010 0.0019 
0.0007 0.0065 
0.0000 0.0000 
0.0000 0.0000 
0.0000 0.0000 
0.0000 0.0000 
0.0000 0.0000 
0.0000 0.0000 

--- Kalman Gain ---
K[0][0] = -0.684199
K[0][1] = -0.572613
K[1][0] = -0.483814
K[1][1] = -0.217927
K[2][0] = -0.386198
K[2][1] = -0.061079
K[3][0] = 0.922884
K[3][1] = -0.123916
K[4][0] = -0.156862
K[4][1] = -0.114570
K[5][0] = 2.018161
K[5][1] = 0.097658
K[6][0] = -0.386082
K[6][1] = -0.117515
K[7][0] = -3.095252
K[7][1] = 0.170674
K[8][0] = 1.324976
K[8][1] = 0.223276
K[9][0] = 0.000000
K[9][1] = 0.000000
K[10][0] = 0.000000
K[10][1] = 0.000000
K[11][0] = 0.000000
K[11][1] = 0.000000
K[12][0] = 0.000000
K[12][1] = 0.000000
K[13][0] = 0.000000
K[13][1] = 0.000000
K[14][0] = 0.000000
K[14][1] = 0.000000

--- State Update ---
ΔX[0] = 0.000841
ΔX[1] = 0.000403
ΔX[2] = 0.000206
ΔX[3] = -0.000217
ΔX[4] = 0.000176
ΔX[5] = -0.000851
ΔX[6] = 0.000264
ΔX[7] = 0.000977
ΔX[8] = -0.000722
ΔX[9] = 0.000000
ΔX[10] = 0.000000
ΔX[11] = 0.000000
ΔX[12] = 0.000000
ΔX[13] = 0.000000
ΔX[14] = 0.000000
Temp6:
0.1864 0.5468 0.6842 0.0000 0.0000 0.0000 0.0000 -0.1864 -0.5468 0.0000 0.0000 0.0000 0.0000 0.0000 0.0000 
0.0485 0.2193 0.4838 0.0000 0.0000 0.0000 0.0000 -0.0485 -0.2193 0.0000 0.0000 0.0000 0.0000 0.0000 0.0000 
-0.0115 0.0740 0.3862 0.0000 0.0000 0.0000 0.0000 0.0115 -0.0740 0.0000 0.0000 0.0000 0.0000 0.0000 0.0000 
0.1478 0.0649 -0.9229 0.0000 0.0000 0.0000 0.0000 -0.1478 -0.0649 0.0000 0.0000 0.0000 0.0000 0.0000 0.0000 
0.0353 0.1104 0.1569 0.0000 0.0000 0.0000 0.0000 -0.0353 -0.1104 0.0000 0.0000 0.0000 0.0000 0.0000 0.0000 
0.1590 -0.1882 -2.0182 0.0000 0.0000 0.0000 0.0000 -0.1590 0.1882 0.0000 0.0000 0.0000 0.0000 0.0000 0.0000 
0.0136 0.1245 0.3861 0.0000 0.0000 0.0000 0.0000 -0.0136 -0.1245 0.0000 0.0000 0.0000 0.0000 0.0000 0.0000 
-0.3866 0.0017 3.0953 0.0000 0.0000 0.0000 0.0000 0.3866 -0.0017 0.0000 0.0000 0.0000 0.0000 0.0000 0.0000 
0.0335 -0.2661 -1.3250 0.0000 0.0000 0.0000 0.0000 -0.0335 0.2661 0.0000 0.0000 0.0000 0.0000 0.0000 0.0000 
0.0000 0.0000 0.0000 0.0000 0.0000 0.0000 0.0000 0.0000 0.0000 0.0000 0.0000 0.0000 0.0000 0.0000 0.0000 
0.0000 0.0000 0.0000 0.0000 0.0000 0.0000 0.0000 0.0000 0.0000 0.0000 0.0000 0.0000 0.0000 0.0000 0.0000 
0.0000 0.0000 0.0000 0.0000 0.0000 0.0000 0.0000 0.0000 0.0000 0.0000 0.0000 0.0000 0.0000 0.0000 0.0000 
0.0000 0.0000 0.0000 0.0000 0.0000 0.0000 0.0000 0.0000 0.0000 0.0000 0.0000 0.0000 0.0000 0.0000 0.0000 
0.0000 0.0000 0.0000 0.0000 0.0000 0.0000 0.0000 0.0000 0.0000 0.0000 0.0000 0.0000 0.0000 0.0000 0.0000 
0.0000 0.0000 0.0000 0.0000 0.0000 0.0000 0.0000 0.0000 0.0000 0.0000 0.0000 0.0000 0.0000 0.0000 0.0000 
CovUpdate:
0.8136 -0.5468 -0.6842 0.0000 0.0000 0.0000 0.0000 0.1864 0.5468 0.0000 0.0000 0.0000 0.0000 0.0000 0.0000 
-0.0485 0.7807 -0.4838 0.0000 0.0000 0.0000 0.0000 0.0485 0.2193 0.0000 0.0000 0.0000 0.0000 0.0000 0.0000 
0.0115 -0.0740 0.6138 0.0000 0.0000 0.0000 0.0000 -0.0115 0.0740 0.0000 0.0000 0.0000 0.0000 0.0000 0.0000 
-0.1478 -0.0649 0.9229 1.0000 0.0000 0.0000 0.0000 0.1478 0.0649 0.0000 0.0000 0.0000 0.0000 0.0000 0.0000 
-0.0353 -0.1104 -0.1569 0.0000 1.0000 0.0000 0.0000 0.0353 0.1104 0.0000 0.0000 0.0000 0.0000 0.0000 0.0000 
-0.1590 0.1882 2.0182 0.0000 0.0000 1.0000 0.0000 0.1590 -0.1882 0.0000 0.0000 0.0000 0.0000 0.0000 0.0000 
-0.0136 -0.1245 -0.3861 0.0000 0.0000 0.0000 1.0000 0.0136 0.1245 0.0000 0.0000 0.0000 0.0000 0.0000 0.0000 
0.3866 -0.0017 -3.0953 0.0000 0.0000 0.0000 0.0000 0.6134 0.0017 0.0000 0.0000 0.0000 0.0000 0.0000 0.0000 
-0.0335 0.2661 1.3250 0.0000 0.0000 0.0000 0.0000 0.0335 0.7339 0.0000 0.0000 0.0000 0.0000 0.0000 0.0000 
0.0000 0.0000 0.0000 0.0000 0.0000 0.0000 0.0000 0.0000 0.0000 1.0000 0.0000 0.0000 0.0000 0.0000 0.0000 
0.0000 0.0000 0.0000 0.0000 0.0000 0.0000 0.0000 0.0000 0.0000 0.0000 1.0000 0.0000 0.0000 0.0000 0.0000 
0.0000 0.0000 0.0000 0.0000 0.0000 0.0000 0.0000 0.0000 0.0000 0.0000 0.0000 1.0000 0.0000 0.0000 0.0000 
0.0000 0.0000 0.0000 0.0000 0.0000 0.0000 0.0000 0.0000 0.0000 0.0000 0.0000 0.0000 1.0000 0.0000 0.0000 
0.0000 0.0000 0.0000 0.0000 0.0000 0.0000 0.0000 0.0000 0.0000 0.0000 0.0000 0.0000 0.0000 1.0000 0.0000 
0.0000 0.0000 0.0000 0.0000 0.0000 0.0000 0.0000 0.0000 0.0000 0.0000 0.0000 0.0000 0.0000 0.0000 1.0000 
Temp7:
0.0215 -0.0022 0.0025 0.0036 -0.0008 -0.0041 -0.0008 0.0004 0.0042 0.0000 0.0000 0.0000 0.0000 0.0000 0.0000 
-0.0022 0.0044 -0.0003 -0.0001 0.0021 0.0003 0.0022 -0.0001 0.0018 0.0000 0.0000 0.0000 0.0000 0.0000 0.0000 
0.0025 -0.0003 0.0004 0.0002 -0.0001 -0.0009 -0.0001 -0.0003 0.0007 0.0000 0.0000 0.0000 0.0000 0.0000 0.0000 
0.0036 -0.0001 0.0002 0.0036 0.0002 0.0008 -0.0001 0.0012 0.0002 0.0000 0.0000 0.0000 0.0000 0.0000 0.0000 
-0.0008 0.0021 -0.0001 0.0002 0.0041 0.0002 0.0010 0.0001 0.0009 0.0000 0.0000 0.0000 0.0000 0.0000 0.0000 
-0.0041 0.0003 -0.0009 0.0008 0.0002 0.0107 -0.0006 0.0019 -0.0020 0.0000 0.0000 0.0000 0.0000 0.0000 0.0000 
-0.0008 0.0022 -0.0001 -0.0001 0.0010 -0.0006 0.0044 -0.0002 0.0010 0.0000 0.0000 0.0000 0.0000 0.0000 0.0000 
0.0004 -0.0001 -0.0003 0.0012 0.0001 0.0019 -0.0002 0.0056 -0.0015 0.0000 0.0000 0.0000 0.0000 0.0000 0.0000 
0.0042 0.0018 0.0007 0.0002 0.0009 -0.0020 0.0010 -0.0015 0.0062 0.0000 0.0000 0.0000 0.0000 0.0000 0.0000 
0.0000 0.0000 0.0000 0.0000 0.0000 0.0000 0.0000 0.0000 0.0000 0.0209 -0.0072 0.0000 0.0000 0.0000 0.0000 
0.0000 0.0000 0.0000 0.0000 0.0000 0.0000 0.0000 0.0000 0.0000 -0.0072 0.0100 0.0000 0.0000 0.0000 0.0000 
0.0000 0.0000 0.0000 0.0000 0.0000 0.0000 0.0000 0.0000 0.0000 0.0000 0.0000 0.0085 -0.0039 0.0000 0.0000 
0.0000 0.0000 0.0000 0.0000 0.0000 0.0000 0.0000 0.0000 0.0000 0.0000 0.0000 -0.0039 0.0136 0.0000 0.0000 
0.0000 0.0000 0.0000 0.0000 0.0000 0.0000 0.0000 0.0000 0.0000 0.0000 0.0000 0.0000 0.0000 0.0173 -0.0100 
0.0000 0.0000 0.0000 0.0000 0.0000 0.0000 0.0000 0.0000 0.0000 0.0000 0.0000 0.0000 0.0000 -0.0100 0.0156 
Matriz P después de update:
0.021479 -0.002195 0.002505 0.003641 -0.000759 -0.004132 -0.000835 0.000384 0.004208 0.000000 0.000000 0.000000 0.000000 0.000000 0.000000 
-0.002195 0.004358 -0.000293 -0.000135 0.002080 0.000321 0.002195 -0.000087 0.001751 0.000000 0.000000 0.000000 0.000000 0.000000 0.000000 
0.002505 -0.000293 0.000366 0.000169 -0.000127 -0.000924 -0.000086 -0.000285 0.000658 0.000000 0.000000 0.000000 0.000000 0.000000 0.000000 
0.003641 -0.000135 0.000169 0.003563 0.000224 0.000817 -0.000126 0.001198 0.000194 0.000000 0.000000 0.000000 0.000000 0.000000 0.000000 
-0.000759 0.002080 -0.000127 0.000224 0.004086 0.000221 0.001043 0.000056 0.000855 0.000000 0.000000 0.000000 0.000000 0.000000 0.000000 
-0.004132 0.000321 -0.000924 0.000817 0.000221 0.010683 -0.000579 0.001915 -0.001989 0.000000 0.000000 0.000000 0.000000 0.000000 0.000000 
-0.000835 0.002195 -0.000086 -0.000126 0.001043 -0.000579 0.004413 -0.000177 0.001028 0.000000 0.000000 0.000000 0.000000 0.000000 0.000000 
0.000384 -0.000087 -0.000285 0.001198 0.000056 0.001915 -0.000177 0.005621 -0.001473 0.000000 0.000000 0.000000 0.000000 0.000000 0.000000 
0.004208 0.001751 0.000658 0.000194 0.000855 -0.001989 0.001028 -0.001473 0.006173 0.000000 0.000000 0.000000 0.000000 0.000000 0.000000 
0.000000 0.000000 0.000000 0.000000 0.000000 0.000000 0.000000 0.000000 0.000000 0.020876 -0.007239 0.000000 0.000000 0.000000 0.000000 
0.000000 0.000000 0.000000 0.000000 0.000000 0.000000 0.000000 0.000000 0.000000 -0.007239 0.010020 0.000000 0.000000 0.000000 0.000000 
0.000000 0.000000 0.000000 0.000000 0.000000 0.000000 0.000000 0.000000 0.000000 0.000000 0.000000 0.008541 -0.003923 0.000000 0.000000 
0.000000 0.000000 0.000000 0.000000 0.000000 0.000000 0.000000 0.000000 0.000000 0.000000 0.000000 -0.003923 0.013590 0.000000 0.000000 
0.000000 0.000000 0.000000 0.000000 0.000000 0.000000 0.000000 0.000000 0.000000 0.000000 0.000000 0.000000 0.000000 0.017328 -0.010016 
0.000000 0.000000 0.000000 0.000000 0.000000 0.000000 0.000000 0.000000 0.000000 0.000000 0.000000 0.000000 0.000000 -0.010016 0.015581 

--- Landmark 3 ---
Robot pos: (3.024037, 0.010396, -0.005565)
Landmark pos: (7.000156, 13.998607)
q = 211.479592, sqrt(q) = 14.542338
H matrix:
0.066144 -0.018801 -1.000000 0.000000 0.000000 0.000000 0.000000 0.000000 0.000000 -0.066144 0.018801 0.000000 0.000000 0.000000 0.000000 
-0.273417 -0.961896 0.000000 0.000000 0.000000 0.000000 0.000000 0.000000 0.000000 0.273417 0.961896 0.000000 0.000000 0.000000 0.000000 
numEntries: 15 - NUM_MEAS_TYPE: 2 
HT matrix:
0.066144 - Indice i 0 - Indice j 0 
-0.273417 - Indice i 0 - Indice j 1 

-0.018801 - Indice i 1 - Indice j 0 
-0.961896 - Indice i 1 - Indice j 1 

-1.000000 - Indice i 2 - Indice j 0 
0.000000 - Indice i 2 - Indice j 1 

0.000000 - Indice i 3 - Indice j 0 
0.000000 - Indice i 3 - Indice j 1 

0.000000 - Indice i 4 - Indice j 0 
0.000000 - Indice i 4 - Indice j 1 

0.000000 - Indice i 5 - Indice j 0 
0.000000 - Indice i 5 - Indice j 1 

0.000000 - Indice i 6 - Indice j 0 
0.000000 - Indice i 6 - Indice j 1 

0.000000 - Indice i 7 - Indice j 0 
0.000000 - Indice i 7 - Indice j 1 

0.000000 - Indice i 8 - Indice j 0 
0.000000 - Indice i 8 - Indice j 1 

-0.066144 - Indice i 9 - Indice j 0 
0.273417 - Indice i 9 - Indice j 1 

0.018801 - Indice i 10 - Indice j 0 
0.961896 - Indice i 10 - Indice j 1 

0.000000 - Indice i 11 - Indice j 0 
0.000000 - Indice i 11 - Indice j 1 

0.000000 - Indice i 12 - Indice j 0 
0.000000 - Indice i 12 - Indice j 1 

0.000000 - Indice i 13 - Indice j 0 
0.000000 - Indice i 13 - Indice j 1 

0.000000 - Indice i 14 - Indice j 0 
0.000000 - Indice i 14 - Indice j 1 

Expected (beta, range): (1.299418, 14.542338)
Measured (beta, range): (1.298000, 14.541300)

--- Diff vector ---
diff[0][0] = -0.001418
diff[1][0] = -0.001038
Temp1:
-0.0010 0.0001 -0.0002 0.0001 0.0000 0.0006 -0.0000 0.0003 -0.0004 -0.0015 0.0007 0.0000 0.0000 0.0000 0.0000 
-0.0038 -0.0036 -0.0004 -0.0009 -0.0018 0.0008 -0.0019 -0.0000 -0.0028 -0.0013 0.0077 0.0000 0.0000 0.0000 0.0000 
Temp2:
0.0002 0.0004 
0.0004 0.0115 
Temp3:
0.0003 0.0004 
0.0004 0.0179 
Temp4:
3064.2898 -76.7455 
-76.7455 57.7664 
Temp5:
-0.0010 -0.0038 
0.0001 -0.0036 
-0.0002 -0.0004 
0.0001 -0.0009 
0.0000 -0.0018 
0.0006 0.0008 
-0.0000 -0.0019 
0.0003 -0.0000 
-0.0004 -0.0028 
-0.0015 -0.0013 
0.0007 0.0077 
0.0000 0.0000 
0.0000 0.0000 
0.0000 0.0000 
0.0000 0.0000 

--- Kalman Gain ---
K[0][0] = -2.907289
K[0][1] = -0.137231
K[1][0] = 0.478597
K[1][1] = -0.212554
K[2][0] = -0.566387
K[2][1] = -0.008304
K[3][0] = 0.293397
K[3][1] = -0.055672
K[4][0] = 0.253774
K[4][1] = -0.106481
K[5][0] = 1.912232
K[5][1] = -0.002051
K[6][0] = 0.111404
K[6][1] = -0.107961
K[7][0] = 0.958534
K[7][1] = -0.025213
K[8][0] = -1.047749
K[8][1] = -0.132055
K[9][0] = -4.552070
K[9][1] = 0.043907
K[10][0] = 1.456751
K[10][1] = 0.391221
K[11][0] = 0.000000
K[11][1] = 0.000000
K[12][0] = 0.000000
K[12][1] = 0.000000
K[13][0] = 0.000000
K[13][1] = 0.000000
K[14][0] = 0.000000
K[14][1] = 0.000000

--- State Update ---
ΔX[0] = 0.004264
ΔX[1] = -0.000458
ΔX[2] = 0.000812
ΔX[3] = -0.000358
ΔX[4] = -0.000249
ΔX[5] = -0.002709
ΔX[6] = -0.000046
ΔX[7] = -0.001333
ΔX[8] = 0.001623
ΔX[9] = 0.006408
ΔX[10] = -0.002471
ΔX[11] = 0.000000
ΔX[12] = 0.000000
ΔX[13] = 0.000000
ΔX[14] = 0.000000
Temp6:
-0.1548 0.1867 2.9073 0.0000 0.0000 0.0000 0.0000 0.0000 0.0000 0.1548 -0.1867 0.0000 0.0000 0.0000 0.0000 
0.0898 0.1955 -0.4786 0.0000 0.0000 0.0000 0.0000 0.0000 0.0000 -0.0898 -0.1955 0.0000 0.0000 0.0000 0.0000 
-0.0352 0.0186 0.5664 0.0000 0.0000 0.0000 0.0000 0.0000 0.0000 0.0352 -0.0186 0.0000 0.0000 0.0000 0.0000 
0.0346 0.0480 -0.2934 0.0000 0.0000 0.0000 0.0000 0.0000 0.0000 -0.0346 -0.0480 0.0000 0.0000 0.0000 0.0000 
0.0459 0.0977 -0.2538 0.0000 0.0000 0.0000 0.0000 0.0000 0.0000 -0.0459 -0.0977 0.0000 0.0000 0.0000 0.0000 
0.1270 -0.0340 -1.9122 0.0000 0.0000 0.0000 0.0000 0.0000 0.0000 -0.1270 0.0340 0.0000 0.0000 0.0000 0.0000 
0.0369 0.1018 -0.1114 0.0000 0.0000 0.0000 0.0000 0.0000 0.0000 -0.0369 -0.1018 0.0000 0.0000 0.0000 0.0000 
0.0703 0.0062 -0.9585 0.0000 0.0000 0.0000 0.0000 0.0000 0.0000 -0.0703 -0.0062 0.0000 0.0000 0.0000 0.0000 
-0.0332 0.1467 1.0477 0.0000 0.0000 0.0000 0.0000 0.0000 0.0000 0.0332 -0.1467 0.0000 0.0000 0.0000 0.0000 
-0.3131 0.0434 4.5521 0.0000 0.0000 0.0000 0.0000 0.0000 0.0000 0.3131 -0.0434 0.0000 0.0000 0.0000 0.0000 
-0.0106 -0.4037 -1.4568 0.0000 0.0000 0.0000 0.0000 0.0000 0.0000 0.0106 0.4037 0.0000 0.0000 0.0000 0.0000 
0.0000 0.0000 0.0000 0.0000 0.0000 0.0000 0.0000 0.0000 0.0000 0.0000 0.0000 0.0000 0.0000 0.0000 0.0000 
0.0000 0.0000 0.0000 0.0000 0.0000 0.0000 0.0000 0.0000 0.0000 0.0000 0.0000 0.0000 0.0000 0.0000 0.0000 
0.0000 0.0000 0.0000 0.0000 0.0000 0.0000 0.0000 0.0000 0.0000 0.0000 0.0000 0.0000 0.0000 0.0000 0.0000 
0.0000 0.0000 0.0000 0.0000 0.0000 0.0000 0.0000 0.0000 0.0000 0.0000 0.0000 0.0000 0.0000 0.0000 0.0000 
CovUpdate:
1.1548 -0.1867 -2.9073 0.0000 0.0000 0.0000 0.0000 0.0000 0.0000 -0.1548 0.1867 0.0000 0.0000 0.0000 0.0000 
-0.0898 0.8045 0.4786 0.0000 0.0000 0.0000 0.0000 0.0000 0.0000 0.0898 0.1955 0.0000 0.0000 0.0000 0.0000 
0.0352 -0.0186 0.4336 0.0000 0.0000 0.0000 0.0000 0.0000 0.0000 -0.0352 0.0186 0.0000 0.0000 0.0000 0.0000 
-0.0346 -0.0480 0.2934 1.0000 0.0000 0.0000 0.0000 0.0000 0.0000 0.0346 0.0480 0.0000 0.0000 0.0000 0.0000 
-0.0459 -0.0977 0.2538 0.0000 1.0000 0.0000 0.0000 0.0000 0.0000 0.0459 0.0977 0.0000 0.0000 0.0000 0.0000 
-0.1270 0.0340 1.9122 0.0000 0.0000 1.0000 0.0000 0.0000 0.0000 0.1270 -0.0340 0.0000 0.0000 0.0000 0.0000 
-0.0369 -0.1018 0.1114 0.0000 0.0000 0.0000 1.0000 0.0000 0.0000 0.0369 0.1018 0.0000 0.0000 0.0000 0.0000 
-0.0703 -0.0062 0.9585 0.0000 0.0000 0.0000 0.0000 1.0000 0.0000 0.0703 0.0062 0.0000 0.0000 0.0000 0.0000 
0.0332 -0.1467 -1.0477 0.0000 0.0000 0.0000 0.0000 0.0000 1.0000 -0.0332 0.1467 0.0000 0.0000 0.0000 0.0000 
0.3131 -0.0434 -4.5521 0.0000 0.0000 0.0000 0.0000 0.0000 0.0000 0.6869 0.0434 0.0000 0.0000 0.0000 0.0000 
0.0106 0.4037 1.4568 0.0000 0.0000 0.0000 0.0000 0.0000 0.0000 -0.0106 0.5963 0.0000 0.0000 0.0000 0.0000 
0.0000 0.0000 0.0000 0.0000 0.0000 0.0000 0.0000 0.0000 0.0000 0.0000 0.0000 1.0000 0.0000 0.0000 0.0000 
0.0000 0.0000 0.0000 0.0000 0.0000 0.0000 0.0000 0.0000 0.0000 0.0000 0.0000 0.0000 1.0000 0.0000 0.0000 
0.0000 0.0000 0.0000 0.0000 0.0000 0.0000 0.0000 0.0000 0.0000 0.0000 0.0000 0.0000 0.0000 1.0000 0.0000 
0.0000 0.0000 0.0000 0.0000 0.0000 0.0000 0.0000 0.0000 0.0000 0.0000 0.0000 0.0000 0.0000 0.0000 1.0000 
Temp7:
0.0179 -0.0025 0.0019 0.0037 -0.0009 -0.0021 -0.0011 0.0013 0.0026 -0.0046 0.0030 0.0000 0.0000 0.0000 0.0000 
-0.0025 0.0036 -0.0003 -0.0004 0.0017 0.0002 0.0018 -0.0002 0.0013 0.0005 0.0013 0.0000 0.0000 0.0000 0.0000 
0.0019 -0.0003 0.0003 0.0002 -0.0001 -0.0006 -0.0001 -0.0001 0.0004 -0.0009 0.0004 0.0000 0.0000 0.0000 0.0000 
0.0037 -0.0004 0.0002 0.0035 0.0001 0.0007 -0.0002 0.0011 0.0002 0.0004 0.0002 0.0000 0.0000 0.0000 0.0000 
-0.0009 0.0017 -0.0001 0.0001 0.0039 0.0001 0.0008 -0.0000 0.0007 0.0003 0.0006 0.0000 0.0000 0.0000 0.0000 
-0.0021 0.0002 -0.0006 0.0007 0.0001 0.0095 -0.0006 0.0013 -0.0012 0.0029 -0.0013 0.0000 0.0000 0.0000 0.0000 
-0.0011 0.0018 -0.0001 -0.0002 0.0008 -0.0006 0.0042 -0.0002 0.0008 0.0000 0.0008 0.0000 0.0000 0.0000 0.0000 
0.0013 -0.0002 -0.0001 0.0011 -0.0000 0.0013 -0.0002 0.0053 -0.0011 0.0014 -0.0004 0.0000 0.0000 0.0000 0.0000 
0.0026 0.0013 0.0004 0.0002 0.0007 -0.0012 0.0008 -0.0011 0.0054 -0.0018 0.0017 0.0000 0.0000 0.0000 0.0000 
-0.0046 0.0005 -0.0009 0.0004 0.0003 0.0029 0.0000 0.0014 -0.0018 0.0140 -0.0045 0.0000 0.0000 0.0000 0.0000 
0.0030 0.0013 0.0004 0.0002 0.0006 -0.0013 0.0008 -0.0004 0.0017 -0.0045 0.0061 0.0000 0.0000 0.0000 0.0000 
0.0000 0.0000 0.0000 0.0000 0.0000 0.0000 0.0000 0.0000 0.0000 0.0000 0.0000 0.0085 -0.0039 0.0000 0.0000 
0.0000 0.0000 0.0000 0.0000 0.0000 0.0000 0.0000 0.0000 0.0000 0.0000 0.0000 -0.0039 0.0136 0.0000 0.0000 
0.0000 0.0000 0.0000 0.0000 0.0000 0.0000 0.0000 0.0000 0.0000 0.0000 0.0000 0.0000 0.0000 0.0173 -0.0100 
0.0000 0.0000 0.0000 0.0000 0.0000 0.0000 0.0000 0.0000 0.0000 0.0000 0.0000 0.0000 0.0000 -0.0100 0.0156 
Matriz P después de update:
0.017931 -0.002495 0.001883 0.003738 -0.000895 -0.002145 -0.001125 0.001289 0.002618 -0.004583 0.002991 0.000000 0.000000 0.000000 0.000000 
-0.002495 0.003563 -0.000286 -0.000355 0.001680 0.000187 0.001800 -0.000241 0.001346 0.000459 0.001309 0.000000 0.000000 0.000000 0.000000 
0.001883 -0.000286 0.000252 0.000204 -0.000121 -0.000552 -0.000107 -0.000109 0.000401 -0.000870 0.000442 0.000000 0.000000 0.000000 0.000000 
0.003738 -0.000355 0.000204 0.003494 0.000113 0.000673 -0.000228 0.001106 0.000158 0.000375 0.000231 0.000000 0.000000 0.000000 0.000000 
-0.000895 0.001680 -0.000121 0.000113 0.003885 0.000145 0.000845 -0.000026 0.000658 0.000251 0.000646 0.000000 0.000000 0.000000 0.000000 
-0.002145 0.000187 -0.000552 0.000673 0.000145 0.009452 -0.000562 0.001318 -0.001206 0.002898 -0.001260 0.000000 0.000000 0.000000 0.000000 
-0.001125 0.001800 -0.000107 -0.000228 0.000845 -0.000562 0.004211 -0.000214 0.000768 0.000033 0.000753 0.000000 0.000000 0.000000 0.000000 
0.001289 -0.000241 -0.000109 0.001106 -0.000026 0.001318 -0.000214 0.005322 -0.001148 0.001422 -0.000446 0.000000 0.000000 0.000000 0.000000 
0.002618 0.001346 0.000401 0.000158 0.000658 -0.001206 0.000768 -0.001148 0.005366 -0.001755 0.001710 0.000000 0.000000 0.000000 0.000000 
-0.004583 0.000459 -0.000870 0.000375 0.000251 0.002898 0.000033 0.001422 -0.001755 0.014026 -0.004538 0.000000 0.000000 0.000000 0.000000 
0.002991 0.001309 0.000442 0.000231 0.000646 -0.001260 0.000753 -0.000446 0.001710 -0.004538 0.006052 0.000000 0.000000 0.000000 0.000000 
0.000000 0.000000 0.000000 0.000000 0.000000 0.000000 0.000000 0.000000 0.000000 0.000000 0.000000 0.008541 -0.003923 0.000000 0.000000 
0.000000 0.000000 0.000000 0.000000 0.000000 0.000000 0.000000 0.000000 0.000000 0.000000 0.000000 -0.003923 0.013590 0.000000 0.000000 
0.000000 0.000000 0.000000 0.000000 0.000000 0.000000 0.000000 0.000000 0.000000 0.000000 0.000000 0.000000 0.000000 0.017328 -0.010016 
0.000000 0.000000 0.000000 0.000000 0.000000 0.000000 0.000000 0.000000 0.000000 0.000000 0.000000 0.000000 0.000000 -0.010016 0.015581 

--- Landmark 4 ---
Robot pos: (3.028301, 0.009938, -0.004753)
Landmark pos: (11.009821, 6.007547)
q = 99.675975, sqrt(q) = 9.983786
H matrix:
0.060171 -0.080075 -1.000000 0.000000 0.000000 0.000000 0.000000 0.000000 0.000000 0.000000 0.000000 -0.060171 0.080075 0.000000 0.000000 
-0.799448 -0.600735 0.000000 0.000000 0.000000 0.000000 0.000000 0.000000 0.000000 0.000000 0.000000 0.799448 0.600735 0.000000 0.000000 
numEntries: 15 - NUM_MEAS_TYPE: 2 
HT matrix:
0.060171 - Indice i 0 - Indice j 0 
-0.799448 - Indice i 0 - Indice j 1 

-0.080075 - Indice i 1 - Indice j 0 
-0.600735 - Indice i 1 - Indice j 1 

-1.000000 - Indice i 2 - Indice j 0 
0.000000 - Indice i 2 - Indice j 1 

0.000000 - Indice i 3 - Indice j 0 
0.000000 - Indice i 3 - Indice j 1 

0.000000 - Indice i 4 - Indice j 0 
0.000000 - Indice i 4 - Indice j 1 

0.000000 - Indice i 5 - Indice j 0 
0.000000 - Indice i 5 - Indice j 1 

0.000000 - Indice i 6 - Indice j 0 
0.000000 - Indice i 6 - Indice j 1 

0.000000 - Indice i 7 - Indice j 0 
0.000000 - Indice i 7 - Indice j 1 

0.000000 - Indice i 8 - Indice j 0 
0.000000 - Indice i 8 - Indice j 1 

0.000000 - Indice i 9 - Indice j 0 
0.000000 - Indice i 9 - Indice j 1 

0.000000 - Indice i 10 - Indice j 0 
0.000000 - Indice i 10 - Indice j 1 

-0.060171 - Indice i 11 - Indice j 0 
0.799448 - Indice i 11 - Indice j 1 

0.080075 - Indice i 12 - Indice j 0 
0.600735 - Indice i 12 - Indice j 1 

0.000000 - Indice i 13 - Indice j 0 
0.000000 - Indice i 13 - Indice j 1 

0.000000 - Indice i 14 - Indice j 0 
0.000000 - Indice i 14 - Indice j 1 

Expected (beta, range): (0.649173, 9.983786)
Measured (beta, range): (0.649100, 9.962100)

--- Diff vector ---
diff[0][0] = -0.000073
diff[1][0] = -0.021686
Temp1:
-0.0006 -0.0001 -0.0001 0.0000 -0.0001 0.0004 -0.0001 0.0002 -0.0004 0.0006 -0.0004 -0.0008 0.0013 0.0000 0.0000 
-0.0128 -0.0001 -0.0013 -0.0028 -0.0003 0.0016 -0.0002 -0.0009 -0.0029 0.0034 -0.0032 0.0045 0.0050 0.0000 0.0000 
Temp2:
0.0002 0.0007 
0.0007 0.0169 
Temp3:
0.0003 0.0007 
0.0007 0.0233 
Temp4:
3064.5453 -92.7643 
-92.7643 45.6470 
Temp5:
-0.0006 -0.0128 
-0.0001 -0.0001 
-0.0001 -0.0013 
0.0000 -0.0028 
-0.0001 -0.0003 
0.0004 0.0016 
-0.0001 -0.0002 
0.0002 -0.0009 
-0.0004 -0.0029 
0.0006 0.0034 
-0.0004 -0.0032 
-0.0008 0.0045 
0.0013 0.0050 
0.0000 0.0000 
0.0000 0.0000 

--- Kalman Gain ---
K[0][0] = -0.661141
K[0][1] = -0.529849
K[1][0] = -0.445475
K[1][1] = 0.007262
K[2][0] = -0.232386
K[2][1] = -0.050102
K[3][0] = 0.408319
K[3][1] = -0.131247
K[4][0] = -0.180375
K[4][1] = -0.007149
K[5][0] = 1.101583
K[5][1] = 0.035306
K[6][0] = -0.302952
K[6][1] = 0.001366
K[7][0] = 0.711552
K[7][1] = -0.059478
K[8][0] = -0.806901
K[8][1] = -0.099884
K[9][0] = 1.393027
K[9][1] = 0.102955
K[10][0] = -0.827898
K[10][1] = -0.111044
K[11][0] = -2.952366
K[11][1] = 0.280904
K[12][0] = 3.591926
K[12][1] = 0.106647
K[13][0] = 0.000000
K[13][1] = 0.000000
K[14][0] = 0.000000
K[14][1] = 0.000000

--- State Update ---
ΔX[0] = 0.011539
ΔX[1] = -0.000125
ΔX[2] = 0.001104
ΔX[3] = 0.002816
ΔX[4] = 0.000168
ΔX[5] = -0.000846
ΔX[6] = -0.000007
ΔX[7] = 0.001238
ΔX[8] = 0.002225
ΔX[9] = -0.002335
ΔX[10] = 0.002469
ΔX[11] = -0.005875
ΔX[12] = -0.002576
ΔX[13] = 0.000000
ΔX[14] = 0.000000
Temp6:
0.3838 0.3712 0.6611 0.0000 0.0000 0.0000 0.0000 0.0000 0.0000 0.0000 0.0000 -0.3838 -0.3712 0.0000 0.0000 
-0.0326 0.0313 0.4455 0.0000 0.0000 0.0000 0.0000 0.0000 0.0000 0.0000 0.0000 0.0326 -0.0313 0.0000 0.0000 
0.0261 0.0487 0.2324 0.0000 0.0000 0.0000 0.0000 0.0000 0.0000 0.0000 0.0000 -0.0261 -0.0487 0.0000 0.0000 
0.1295 0.0461 -0.4083 0.0000 0.0000 0.0000 0.0000 0.0000 0.0000 0.0000 0.0000 -0.1295 -0.0461 0.0000 0.0000 
-0.0051 0.0187 0.1804 0.0000 0.0000 0.0000 0.0000 0.0000 0.0000 0.0000 0.0000 0.0051 -0.0187 0.0000 0.0000 
0.0381 -0.1094 -1.1016 0.0000 0.0000 0.0000 0.0000 0.0000 0.0000 0.0000 0.0000 -0.0381 0.1094 0.0000 0.0000 
-0.0193 0.0234 0.3030 0.0000 0.0000 0.0000 0.0000 0.0000 0.0000 0.0000 0.0000 0.0193 -0.0234 0.0000 0.0000 
0.0904 -0.0212 -0.7116 0.0000 0.0000 0.0000 0.0000 0.0000 0.0000 0.0000 0.0000 -0.0904 0.0212 0.0000 0.0000 
0.0313 0.1246 0.8069 0.0000 0.0000 0.0000 0.0000 0.0000 0.0000 0.0000 0.0000 -0.0313 -0.1246 0.0000 0.0000 
0.0015 -0.1734 -1.3930 0.0000 0.0000 0.0000 0.0000 0.0000 0.0000 0.0000 0.0000 -0.0015 0.1734 0.0000 0.0000 
0.0390 0.1330 0.8279 0.0000 0.0000 0.0000 0.0000 0.0000 0.0000 0.0000 0.0000 -0.0390 -0.1330 0.0000 0.0000 
-0.4022 0.0677 2.9524 0.0000 0.0000 0.0000 0.0000 0.0000 0.0000 0.0000 0.0000 0.4022 -0.0677 0.0000 0.0000 
0.1309 -0.3517 -3.5919 0.0000 0.0000 0.0000 0.0000 0.0000 0.0000 0.0000 0.0000 -0.1309 0.3517 0.0000 0.0000 
0.0000 0.0000 0.0000 0.0000 0.0000 0.0000 0.0000 0.0000 0.0000 0.0000 0.0000 0.0000 0.0000 0.0000 0.0000 
0.0000 0.0000 0.0000 0.0000 0.0000 0.0000 0.0000 0.0000 0.0000 0.0000 0.0000 0.0000 0.0000 0.0000 0.0000 
CovUpdate:
0.6162 -0.3712 -0.6611 0.0000 0.0000 0.0000 0.0000 0.0000 0.0000 0.0000 0.0000 0.3838 0.3712 0.0000 0.0000 
0.0326 0.9687 -0.4455 0.0000 0.0000 0.0000 0.0000 0.0000 0.0000 0.0000 0.0000 -0.0326 0.0313 0.0000 0.0000 
-0.0261 -0.0487 0.7676 0.0000 0.0000 0.0000 0.0000 0.0000 0.0000 0.0000 0.0000 0.0261 0.0487 0.0000 0.0000 
-0.1295 -0.0461 0.4083 1.0000 0.0000 0.0000 0.0000 0.0000 0.0000 0.0000 0.0000 0.1295 0.0461 0.0000 0.0000 
0.0051 -0.0187 -0.1804 0.0000 1.0000 0.0000 0.0000 0.0000 0.0000 0.0000 0.0000 -0.0051 0.0187 0.0000 0.0000 
-0.0381 0.1094 1.1016 0.0000 0.0000 1.0000 0.0000 0.0000 0.0000 0.0000 0.0000 0.0381 -0.1094 0.0000 0.0000 
0.0193 -0.0234 -0.3030 0.0000 0.0000 0.0000 1.0000 0.0000 0.0000 0.0000 0.0000 -0.0193 0.0234 0.0000 0.0000 
-0.0904 0.0212 0.7116 0.0000 0.0000 0.0000 0.0000 1.0000 0.0000 0.0000 0.0000 0.0904 -0.0212 0.0000 0.0000 
-0.0313 -0.1246 -0.8069 0.0000 0.0000 0.0000 0.0000 0.0000 1.0000 0.0000 0.0000 0.0313 0.1246 0.0000 0.0000 
-0.0015 0.1734 1.3930 0.0000 0.0000 0.0000 0.0000 0.0000 0.0000 1.0000 0.0000 0.0015 -0.1734 0.0000 0.0000 
-0.0390 -0.1330 -0.8279 0.0000 0.0000 0.0000 0.0000 0.0000 0.0000 0.0000 1.0000 0.0390 0.1330 0.0000 0.0000 
0.4022 -0.0677 -2.9524 0.0000 0.0000 0.0000 0.0000 0.0000 0.0000 0.0000 0.0000 0.5978 0.0677 0.0000 0.0000 
-0.1309 0.3517 3.5919 0.0000 0.0000 0.0000 0.0000 0.0000 0.0000 0.0000 0.0000 0.1309 0.6483 0.0000 0.0000 
0.0000 0.0000 0.0000 0.0000 0.0000 0.0000 0.0000 0.0000 0.0000 0.0000 0.0000 0.0000 0.0000 1.0000 0.0000 
0.0000 0.0000 0.0000 0.0000 0.0000 0.0000 0.0000 0.0000 0.0000 0.0000 0.0000 0.0000 0.0000 0.0000 1.0000 
Temp7:
0.0107 -0.0027 0.0011 0.0023 -0.0011 -0.0010 -0.0013 0.0010 0.0008 -0.0024 0.0011 0.0018 0.0035 0.0000 0.0000 
-0.0027 0.0035 -0.0003 -0.0003 0.0017 0.0004 0.0018 -0.0001 0.0012 0.0007 0.0012 -0.0004 0.0006 0.0000 0.0000 
0.0011 -0.0003 0.0002 0.0001 -0.0002 -0.0004 -0.0001 -0.0001 0.0002 -0.0006 0.0002 0.0000 0.0006 0.0000 0.0000 
0.0023 -0.0003 0.0001 0.0031 0.0001 0.0007 -0.0002 0.0009 -0.0001 0.0006 -0.0000 0.0009 0.0001 0.0000 0.0000 
-0.0011 0.0017 -0.0002 0.0001 0.0039 0.0002 0.0008 0.0000 0.0006 0.0004 0.0006 -0.0001 0.0003 0.0000 0.0000 
-0.0010 0.0004 -0.0004 0.0007 0.0002 0.0089 -0.0004 0.0011 -0.0007 0.0022 -0.0007 0.0008 -0.0016 0.0000 0.0000 
-0.0013 0.0018 -0.0001 -0.0002 0.0008 -0.0004 0.0042 -0.0002 0.0007 0.0002 0.0006 -0.0003 0.0004 0.0000 0.0000 
0.0010 -0.0001 -0.0001 0.0009 0.0000 0.0011 -0.0002 0.0051 -0.0011 0.0012 -0.0004 0.0009 -0.0006 0.0000 0.0000 
0.0008 0.0012 0.0002 -0.0001 0.0006 -0.0007 0.0007 -0.0011 0.0048 -0.0010 0.0011 -0.0002 0.0016 0.0000 0.0000 
-0.0024 0.0007 -0.0006 0.0006 0.0004 0.0022 0.0002 0.0012 -0.0010 0.0129 -0.0037 0.0007 -0.0024 0.0000 0.0000 
0.0011 0.0012 0.0002 -0.0000 0.0006 -0.0007 0.0006 -0.0004 0.0011 -0.0037 0.0054 -0.0002 0.0017 0.0000 0.0000 
0.0018 -0.0004 0.0000 0.0009 -0.0001 0.0008 -0.0003 0.0009 -0.0002 0.0007 -0.0002 0.0048 -0.0014 0.0000 0.0000 
0.0035 0.0006 0.0006 0.0001 0.0003 -0.0016 0.0004 -0.0006 0.0016 -0.0024 0.0017 -0.0014 0.0083 0.0000 0.0000 
0.0000 0.0000 0.0000 0.0000 0.0000 0.0000 0.0000 0.0000 0.0000 0.0000 0.0000 0.0000 0.0000 0.0173 -0.0100 
0.0000 0.0000 0.0000 0.0000 0.0000 0.0000 0.0000 0.0000 0.0000 0.0000 0.0000 0.0000 0.0000 -0.0100 0.0156 
Matriz P después de update:
0.010730 -0.002671 0.001099 0.002300 -0.001095 -0.001026 -0.001290 0.000955 0.000849 -0.002419 0.001065 0.001822 0.003539 0.000000 0.000000 
-0.002671 0.003497 -0.000328 -0.000313 0.001652 0.000357 0.001755 -0.000143 0.001211 0.000683 0.001168 -0.000401 0.000553 0.000000 0.000000 
0.001099 -0.000328 0.000159 0.000077 -0.000151 -0.000377 -0.000141 -0.000105 0.000174 -0.000570 0.000197 0.000032 0.000560 0.000000 0.000000 
0.002300 -0.000313 0.000077 0.003109 0.000102 0.000717 -0.000209 0.000905 -0.000080 0.000592 -0.000037 0.000925 0.000119 0.000000 0.000000 
-0.001095 0.001652 -0.000151 0.000102 0.003871 0.000230 0.000825 0.000005 0.000574 0.000376 0.000557 -0.000117 0.000275 0.000000 0.000000 
-0.001026 0.000357 -0.000377 0.000717 0.000230 0.008946 -0.000441 0.001123 -0.000716 0.002165 -0.000744 0.000754 -0.001636 0.000000 0.000000 
-0.001290 0.001755 -0.000141 -0.000209 0.000825 -0.000441 0.004180 -0.000151 0.000665 0.000198 0.000646 -0.000257 0.000394 0.000000 0.000000 
0.000955 -0.000143 -0.000105 0.000905 0.000005 0.001123 -0.000151 0.005123 -0.001071 0.001227 -0.000375 0.000855 -0.000643 0.000000 0.000000 
0.000849 0.001211 0.000174 -0.000080 0.000574 -0.000716 0.000665 -0.001071 0.004793 -0.000967 0.001098 -0.000222 0.001571 0.000000 0.000000 
-0.002419 0.000683 -0.000570 0.000592 0.000376 0.002165 0.000198 0.001227 -0.000967 0.012901 -0.003701 0.000693 -0.002362 0.000000 0.000000 
0.001065 0.001168 0.000197 -0.000037 0.000557 -0.000744 0.000646 -0.000375 0.001098 -0.003701 0.005396 -0.000189 0.001655 0.000000 0.000000 
0.001822 -0.000401 0.000032 0.000925 -0.000117 0.000754 -0.000257 0.000855 -0.000222 0.000693 -0.000189 0.004840 -0.001426 0.000000 0.000000 
0.003539 0.000553 0.000560 0.000119 0.000275 -0.001636 0.000394 -0.000643 0.001571 -0.002362 0.001655 -0.001426 0.008297 0.000000 0.000000 
0.000000 0.000000 0.000000 0.000000 0.000000 0.000000 0.000000 0.000000 0.000000 0.000000 0.000000 0.000000 0.000000 0.017328 -0.010016 
0.000000 0.000000 0.000000 0.000000 0.000000 0.000000 0.000000 0.000000 0.000000 0.000000 0.000000 0.000000 0.000000 -0.010016 0.015581 

--- Landmark 5 ---
Robot pos: (3.039840, 0.009813, -0.003650)
Landmark pos: (11.001267, 12.002609)
q = 207.211483, sqrt(q) = 14.394842
H matrix:
0.057877 -0.038422 -1.000000 0.000000 0.000000 0.000000 0.000000 0.000000 0.000000 0.000000 0.000000 0.000000 0.000000 -0.057877 0.038422 
-0.553075 -0.833131 0.000000 0.000000 0.000000 0.000000 0.000000 0.000000 0.000000 0.000000 0.000000 0.000000 0.000000 0.553075 0.833131 
numEntries: 15 - NUM_MEAS_TYPE: 2 
HT matrix:
0.057877 - Indice i 0 - Indice j 0 
-0.553075 - Indice i 0 - Indice j 1 

-0.038422 - Indice i 1 - Indice j 0 
-0.833131 - Indice i 1 - Indice j 1 

-1.000000 - Indice i 2 - Indice j 0 
0.000000 - Indice i 2 - Indice j 1 

0.000000 - Indice i 3 - Indice j 0 
0.000000 - Indice i 3 - Indice j 1 

0.000000 - Indice i 4 - Indice j 0 
0.000000 - Indice i 4 - Indice j 1 

0.000000 - Indice i 5 - Indice j 0 
0.000000 - Indice i 5 - Indice j 1 

0.000000 - Indice i 6 - Indice j 0 
0.000000 - Indice i 6 - Indice j 1 

0.000000 - Indice i 7 - Indice j 0 
0.000000 - Indice i 7 - Indice j 1 

0.000000 - Indice i 8 - Indice j 0 
0.000000 - Indice i 8 - Indice j 1 

0.000000 - Indice i 9 - Indice j 0 
0.000000 - Indice i 9 - Indice j 1 

0.000000 - Indice i 10 - Indice j 0 
0.000000 - Indice i 10 - Indice j 1 

0.000000 - Indice i 11 - Indice j 0 
0.000000 - Indice i 11 - Indice j 1 

0.000000 - Indice i 12 - Indice j 0 
0.000000 - Indice i 12 - Indice j 1 

-0.057877 - Indice i 13 - Indice j 0 
0.553075 - Indice i 13 - Indice j 1 

0.038422 - Indice i 14 - Indice j 0 
0.833131 - Indice i 14 - Indice j 1 

Expected (beta, range): (0.988395, 14.394842)
Measured (beta, range): (0.988200, 14.392700)

--- Diff vector ---
diff[0][0] = -0.000195
diff[1][0] = -0.002142
Temp1:
-0.0004 0.0000 -0.0001 0.0001 0.0000 0.0003 -0.0000 0.0002 -0.0002 0.0004 -0.0002 0.0001 -0.0004 -0.0014 0.0012 
-0.0037 -0.0014 -0.0003 -0.0010 -0.0008 0.0003 -0.0007 -0.0004 -0.0015 0.0008 -0.0016 -0.0007 -0.0024 0.0012 0.0074 
Temp2:
0.0002 0.0004 
0.0004 0.0101 
Temp3:
0.0003 0.0004 
0.0004 0.0165 
Temp4:
3629.8936 -85.5752 
-85.5752 62.5055 
Temp5:
-0.0004 -0.0037 
0.0000 -0.0014 
-0.0001 -0.0003 
0.0001 -0.0010 
0.0000 -0.0008 
0.0003 0.0003 
-0.0000 -0.0007 
0.0002 -0.0004 
-0.0002 -0.0015 
0.0004 0.0008 
-0.0002 -0.0016 
0.0001 -0.0007 
-0.0004 -0.0024 
-0.0014 0.0012 
0.0012 0.0074 

--- Kalman Gain ---
K[0][0] = -1.046761
K[0][1] = -0.199672
K[1][0] = 0.263643
K[1][1] = -0.093076
K[2][0] = -0.270160
K[2][1] = -0.013897
K[3][0] = 0.335733
K[3][1] = -0.069104
K[4][0] = 0.153916
K[4][1] = -0.050255
K[5][0] = 1.079662
K[5][1] = -0.009118
K[6][0] = 0.059416
K[6][1] = -0.046672
K[7][0] = 0.637527
K[7][1] = -0.039792
K[8][0] = -0.495397
K[8][1] = -0.077720
K[9][0] = 1.401261
K[9][1] = 0.013492
K[10][0] = -0.521231
K[10][1] = -0.082234
K[11][0] = 0.381619
K[11][1] = -0.049709
K[12][0] = -1.158045
K[12][1] = -0.118996
K[13][0] = -5.143416
K[13][1] = 0.196185
K[14][0] = 3.640587
K[14][1] = 0.364266

--- State Update ---
ΔX[0] = 0.000632
ΔX[1] = 0.000148
ΔX[2] = 0.000083
ΔX[3] = 0.000082
ΔX[4] = 0.000078
ΔX[5] = -0.000191
ΔX[6] = 0.000088
ΔX[7] = -0.000039
ΔX[8] = 0.000263
ΔX[9] = -0.000303
ΔX[10] = 0.000278
ΔX[11] = 0.000032
ΔX[12] = 0.000481
ΔX[13] = 0.000585
ΔX[14] = -0.001492
Temp6:
0.0499 0.2066 1.0468 0.0000 0.0000 0.0000 0.0000 0.0000 0.0000 0.0000 0.0000 0.0000 0.0000 -0.0499 -0.2066 
0.0667 0.0674 -0.2636 0.0000 0.0000 0.0000 0.0000 0.0000 0.0000 0.0000 0.0000 0.0000 0.0000 -0.0667 -0.0674 
-0.0080 0.0220 0.2702 0.0000 0.0000 0.0000 0.0000 0.0000 0.0000 0.0000 0.0000 0.0000 0.0000 0.0080 -0.0220 
0.0577 0.0447 -0.3357 0.0000 0.0000 0.0000 0.0000 0.0000 0.0000 0.0000 0.0000 0.0000 0.0000 -0.0577 -0.0447 
0.0367 0.0360 -0.1539 0.0000 0.0000 0.0000 0.0000 0.0000 0.0000 0.0000 0.0000 0.0000 0.0000 -0.0367 -0.0360 
0.0675 -0.0339 -1.0797 0.0000 0.0000 0.0000 0.0000 0.0000 0.0000 0.0000 0.0000 0.0000 0.0000 -0.0675 0.0339 
0.0293 0.0366 -0.0594 0.0000 0.0000 0.0000 0.0000 0.0000 0.0000 0.0000 0.0000 0.0000 0.0000 -0.0293 -0.0366 
0.0589 0.0087 -0.6375 0.0000 0.0000 0.0000 0.0000 0.0000 0.0000 0.0000 0.0000 0.0000 0.0000 -0.0589 -0.0087 
0.0143 0.0838 0.4954 0.0000 0.0000 0.0000 0.0000 0.0000 0.0000 0.0000 0.0000 0.0000 0.0000 -0.0143 -0.0838 
0.0736 -0.0651 -1.4013 0.0000 0.0000 0.0000 0.0000 0.0000 0.0000 0.0000 0.0000 0.0000 0.0000 -0.0736 0.0651 
0.0153 0.0885 0.5212 0.0000 0.0000 0.0000 0.0000 0.0000 0.0000 0.0000 0.0000 0.0000 0.0000 -0.0153 -0.0885 
0.0496 0.0268 -0.3816 0.0000 0.0000 0.0000 0.0000 0.0000 0.0000 0.0000 0.0000 0.0000 0.0000 -0.0496 -0.0268 
-0.0012 0.1436 1.1580 0.0000 0.0000 0.0000 0.0000 0.0000 0.0000 0.0000 0.0000 0.0000 0.0000 0.0012 -0.1436 
-0.4062 0.0342 5.1434 0.0000 0.0000 0.0000 0.0000 0.0000 0.0000 0.0000 0.0000 0.0000 0.0000 0.4062 -0.0342 
0.0092 -0.4434 -3.6406 0.0000 0.0000 0.0000 0.0000 0.0000 0.0000 0.0000 0.0000 0.0000 0.0000 -0.0092 0.4434 
CovUpdate:
0.9501 -0.2066 -1.0468 0.0000 0.0000 0.0000 0.0000 0.0000 0.0000 0.0000 0.0000 0.0000 0.0000 0.0499 0.2066 
-0.0667 0.9326 0.2636 0.0000 0.0000 0.0000 0.0000 0.0000 0.0000 0.0000 0.0000 0.0000 0.0000 0.0667 0.0674 
0.0080 -0.0220 0.7298 0.0000 0.0000 0.0000 0.0000 0.0000 0.0000 0.0000 0.0000 0.0000 0.0000 -0.0080 0.0220 
-0.0577 -0.0447 0.3357 1.0000 0.0000 0.0000 0.0000 0.0000 0.0000 0.0000 0.0000 0.0000 0.0000 0.0577 0.0447 
-0.0367 -0.0360 0.1539 0.0000 1.0000 0.0000 0.0000 0.0000 0.0000 0.0000 0.0000 0.0000 0.0000 0.0367 0.0360 
-0.0675 0.0339 1.0797 0.0000 0.0000 1.0000 0.0000 0.0000 0.0000 0.0000 0.0000 0.0000 0.0000 0.0675 -0.0339 
-0.0293 -0.0366 0.0594 0.0000 0.0000 0.0000 1.0000 0.0000 0.0000 0.0000 0.0000 0.0000 0.0000 0.0293 0.0366 
-0.0589 -0.0087 0.6375 0.0000 0.0000 0.0000 0.0000 1.0000 0.0000 0.0000 0.0000 0.0000 0.0000 0.0589 0.0087 
-0.0143 -0.0838 -0.4954 0.0000 0.0000 0.0000 0.0000 0.0000 1.0000 0.0000 0.0000 0.0000 0.0000 0.0143 0.0838 
-0.0736 0.0651 1.4013 0.0000 0.0000 0.0000 0.0000 0.0000 0.0000 1.0000 0.0000 0.0000 0.0000 0.0736 -0.0651 
-0.0153 -0.0885 -0.5212 0.0000 0.0000 0.0000 0.0000 0.0000 0.0000 0.0000 1.0000 0.0000 0.0000 0.0153 0.0885 
-0.0496 -0.0268 0.3816 0.0000 0.0000 0.0000 0.0000 0.0000 0.0000 0.0000 0.0000 1.0000 0.0000 0.0496 0.0268 
0.0012 -0.1436 -1.1580 0.0000 0.0000 0.0000 0.0000 0.0000 0.0000 0.0000 0.0000 0.0000 1.0000 -0.0012 0.1436 
0.4062 -0.0342 -5.1434 0.0000 0.0000 0.0000 0.0000 0.0000 0.0000 0.0000 0.0000 0.0000 0.0000 0.5938 0.0342 
-0.0092 0.4434 3.6406 0.0000 0.0000 0.0000 0.0000 0.0000 0.0000 0.0000 0.0000 0.0000 0.0000 0.0092 0.5566 
Temp7:
0.0096 -0.0029 0.0009 0.0022 -0.0012 -0.0007 -0.0014 0.0010 0.0004 -0.0018 0.0006 0.0018 0.0027 -0.0012 0.0027 
-0.0029 0.0034 -0.0003 -0.0004 0.0016 0.0003 0.0017 -0.0002 0.0011 0.0006 0.0011 -0.0005 0.0004 0.0005 0.0004 
0.0009 -0.0003 0.0001 0.0001 -0.0002 -0.0003 -0.0002 -0.0001 0.0001 -0.0005 0.0001 0.0000 0.0004 -0.0004 0.0004 
0.0022 -0.0004 0.0001 0.0030 0.0000 0.0006 -0.0003 0.0008 -0.0001 0.0005 -0.0001 0.0008 0.0001 0.0006 0.0001 
-0.0012 0.0016 -0.0002 0.0000 0.0038 0.0002 0.0008 -0.0000 0.0005 0.0004 0.0005 -0.0002 0.0002 0.0003 0.0002 
-0.0007 0.0003 -0.0003 0.0006 0.0002 0.0086 -0.0004 0.0009 -0.0005 0.0017 -0.0006 0.0007 -0.0013 0.0015 -0.0012 
-0.0014 0.0017 -0.0002 -0.0003 0.0008 -0.0004 0.0041 -0.0002 0.0006 0.0002 0.0006 -0.0003 0.0003 0.0001 0.0003 
0.0010 -0.0002 -0.0001 0.0008 -0.0000 0.0009 -0.0002 0.0050 -0.0010 0.0010 -0.0003 0.0008 -0.0005 0.0009 -0.0005 
0.0004 0.0011 0.0001 -0.0001 0.0005 -0.0005 0.0006 -0.0010 0.0046 -0.0007 0.0009 -0.0002 0.0012 -0.0006 0.0012 
-0.0018 0.0006 -0.0005 0.0005 0.0004 0.0017 0.0002 0.0010 -0.0007 0.0123 -0.0034 0.0006 -0.0018 0.0019 -0.0018 
0.0006 0.0011 0.0001 -0.0001 0.0005 -0.0006 0.0006 -0.0003 0.0009 -0.0034 0.0052 -0.0002 0.0013 -0.0006 0.0012 
0.0018 -0.0005 0.0000 0.0008 -0.0002 0.0007 -0.0003 0.0008 -0.0002 0.0006 -0.0002 0.0048 -0.0014 0.0006 -0.0001 
0.0027 0.0004 0.0004 0.0001 0.0002 -0.0013 0.0003 -0.0005 0.0012 -0.0018 0.0013 -0.0014 0.0076 -0.0015 0.0023 
-0.0012 0.0005 -0.0004 0.0006 0.0003 0.0015 0.0001 0.0009 -0.0006 0.0019 -0.0006 0.0006 -0.0015 0.0099 -0.0054 
0.0027 0.0004 0.0004 0.0001 0.0002 -0.0012 0.0003 -0.0005 0.0012 -0.0018 0.0012 -0.0001 0.0023 -0.0054 0.0086 
Matriz P después de update:
0.009596 -0.002918 0.000946 0.002170 -0.001224 -0.000654 -0.001441 0.001047 0.000374 -0.001843 0.000564 0.001781 0.002663 -0.001205 0.002719 
-0.002918 0.003353 -0.000337 -0.000425 0.001574 0.000302 0.001686 -0.000225 0.001118 0.000648 0.001071 -0.000488 0.000427 0.000481 0.000382 
0.000946 -0.000337 0.000132 0.000081 -0.000155 -0.000291 -0.000152 -0.000066 0.000107 -0.000451 0.000127 0.000046 0.000424 -0.000358 0.000422 
0.002170 -0.000425 0.000081 0.003016 0.000041 0.000634 -0.000261 0.000821 -0.000124 0.000510 -0.000084 0.000848 0.000078 0.000552 0.000119 
-0.001224 0.001574 -0.000155 0.000041 0.003829 0.000197 0.000787 -0.000041 0.000526 0.000352 0.000507 -0.000165 0.000211 0.000276 0.000193 
-0.000654 0.000302 -0.000291 0.000634 0.000197 0.008620 -0.000446 0.000940 -0.000545 0.001736 -0.000564 0.000652 -0.001252 0.001510 -0.001204 
-0.001441 0.001686 -0.000152 -0.000261 0.000787 -0.000446 0.004145 -0.000180 0.000607 0.000210 0.000584 -0.000294 0.000304 0.000140 0.000277 
0.001047 -0.000225 -0.000066 0.000821 -0.000041 0.000940 -0.000180 0.005001 -0.001021 0.001000 -0.000322 0.000771 -0.000500 0.000934 -0.000455 
0.000374 0.001118 0.000107 -0.000124 0.000526 -0.000545 0.000607 -0.001021 0.004593 -0.000707 0.000887 -0.000230 0.001196 -0.000591 0.001162 
-0.001843 0.000648 -0.000451 0.000510 0.000352 0.001736 0.000210 0.001000 -0.000707 0.012325 -0.003427 0.000577 -0.001803 0.001928 -0.001752 
0.000564 0.001071 0.000127 -0.000084 0.000507 -0.000564 0.000584 -0.000322 0.000887 -0.003427 0.005173 -0.000198 0.001260 -0.000621 0.001226 
0.001781 -0.000488 0.000046 0.000848 -0.000165 0.000652 -0.000294 0.000771 -0.000230 0.000577 -0.000198 0.004773 -0.001402 0.000591 -0.000080 
0.002663 0.000427 0.000424 0.000078 0.000211 -0.001252 0.000304 -0.000500 0.001196 -0.001803 0.001260 -0.001402 0.007574 -0.001460 0.002250 
-0.001205 0.000481 -0.000358 0.000552 0.000276 0.001510 0.000140 0.000934 -0.000591 0.001928 -0.000621 0.000591 -0.001460 0.009947 -0.005415 
0.002719 0.000382 0.000422 0.000119 0.000193 -0.001204 0.000277 -0.000455 0.001162 -0.001752 0.001226 -0.000080 0.002250 -0.005415 0.008580 
Size = 2 
Size = 12 

--- UPDATE ---

--- Landmark 0 ---
Robot pos: (6.040453, -0.000741, -0.003567)
Landmark pos: (2.998113, 5.998167)
q = 45.242731, sqrt(q) = 6.726272
H matrix:
0.132594 0.067245 -1.000000 -0.132594 -0.067245 0.000000 0.000000 0.000000 0.000000 0.000000 0.000000 0.000000 0.000000 0.000000 0.000000 
0.452307 -0.891862 0.000000 -0.452307 0.891862 0.000000 0.000000 0.000000 0.000000 0.000000 0.000000 0.000000 0.000000 0.000000 0.000000 
numEntries: 15 - NUM_MEAS_TYPE: 2 
HT matrix:
0.132594 - Indice i 0 - Indice j 0 
0.452307 - Indice i 0 - Indice j 1 

0.067245 - Indice i 1 - Indice j 0 
-0.891862 - Indice i 1 - Indice j 1 

-1.000000 - Indice i 2 - Indice j 0 
0.000000 - Indice i 2 - Indice j 1 

-0.132594 - Indice i 3 - Indice j 0 
-0.452307 - Indice i 3 - Indice j 1 

-0.067245 - Indice i 4 - Indice j 0 
0.891862 - Indice i 4 - Indice j 1 

0.000000 - Indice i 5 - Indice j 0 
0.000000 - Indice i 5 - Indice j 1 

0.000000 - Indice i 6 - Indice j 0 
0.000000 - Indice i 6 - Indice j 1 

0.000000 - Indice i 7 - Indice j 0 
0.000000 - Indice i 7 - Indice j 1 

0.000000 - Indice i 8 - Indice j 0 
0.000000 - Indice i 8 - Indice j 1 

0.000000 - Indice i 9 - Indice j 0 
0.000000 - Indice i 9 - Indice j 1 

0.000000 - Indice i 10 - Indice j 0 
0.000000 - Indice i 10 - Indice j 1 

0.000000 - Indice i 11 - Indice j 0 
0.000000 - Indice i 11 - Indice j 1 

0.000000 - Indice i 12 - Indice j 0 
0.000000 - Indice i 12 - Indice j 1 

0.000000 - Indice i 13 - Indice j 0 
0.000000 - Indice i 13 - Indice j 1 

0.000000 - Indice i 14 - Indice j 0 
0.000000 - Indice i 14 - Indice j 1 

Expected (beta, range): (2.043714, 6.726272)
Measured (beta, range): (2.040400, 6.726200)

--- Diff vector ---
diff[0][0] = -0.003314
diff[1][0] = -0.000072
Temp1:
0.0084 0.0007 -0.0100 -0.0002 -0.0002 0.0001 0.0001 0.0001 -0.0000 0.0002 -0.0000 0.0001 -0.0001 0.0001 -0.0001 
0.0308 -0.0097 0.0002 0.0000 0.0014 -0.0007 -0.0013 0.0003 -0.0003 -0.0013 -0.0002 0.0007 0.0010 -0.0010 0.0010 
Temp2:
0.0112 0.0031 
0.0031 0.0238 
Temp3:
0.0113 0.0031 
0.0031 0.0302 
Temp4:
91.0801 -9.4215 
-9.4215 34.0550 
Temp5:
0.0084 0.0308 
0.0007 -0.0097 
-0.0100 0.0002 
-0.0002 0.0000 
-0.0002 0.0014 
0.0001 -0.0007 
0.0001 -0.0013 
0.0001 0.0003 
-0.0000 -0.0003 
0.0002 -0.0013 
-0.0000 -0.0002 
0.0001 0.0007 
-0.0001 0.0010 
0.0001 -0.0010 
-0.0001 0.0010 

--- Kalman Gain ---
K[0][0] = 0.474245
K[0][1] = 0.969220
K[1][0] = 0.154938
K[1][1] = -0.336431
K[2][0] = -0.912923
K[2][1] = 0.101121
K[3][0] = -0.020758
K[3][1] = 0.003230
K[4][0] = -0.028493
K[4][1] = 0.050538
K[5][0] = 0.017981
K[5][1] = -0.024246
K[6][0] = 0.017628
K[6][1] = -0.045981
K[7][0] = 0.005113
K[7][1] = 0.008267
K[8][0] = 0.002742
K[8][1] = -0.010288
K[9][0] = 0.026942
K[9][1] = -0.046699
K[10][0] = 0.001719
K[10][1] = -0.007113
K[11][0] = -0.001622
K[11][1] = 0.023631
K[12][0] = -0.015316
K[12][1] = 0.033874
K[13][0] = 0.021832
K[13][1] = -0.034602
K[14][0] = -0.015338
K[14][1] = 0.034913

--- State Update ---
ΔX[0] = -0.001641
ΔX[1] = -0.000489
ΔX[2] = 0.003018
ΔX[3] = 0.000069
ΔX[4] = 0.000091
ΔX[5] = -0.000058
ΔX[6] = -0.000055
ΔX[7] = -0.000018
ΔX[8] = -0.000008
ΔX[9] = -0.000086
ΔX[10] = -0.000005
ΔX[11] = 0.000004
ΔX[12] = 0.000048
ΔX[13] = -0.000070
ΔX[14] = 0.000048
Temp6:
0.5013 -0.8325 -0.4742 -0.5013 0.8325 0.0000 0.0000 0.0000 0.0000 0.0000 0.0000 0.0000 0.0000 0.0000 0.0000 
-0.1316 0.3105 -0.1549 0.1316 -0.3105 0.0000 0.0000 0.0000 0.0000 0.0000 0.0000 0.0000 0.0000 0.0000 0.0000 
-0.0753 -0.1516 0.9129 0.0753 0.1516 0.0000 0.0000 0.0000 0.0000 0.0000 0.0000 0.0000 0.0000 0.0000 0.0000 
-0.0013 -0.0043 0.0208 0.0013 0.0043 0.0000 0.0000 0.0000 0.0000 0.0000 0.0000 0.0000 0.0000 0.0000 0.0000 
0.0191 -0.0470 0.0285 -0.0191 0.0470 0.0000 0.0000 0.0000 0.0000 0.0000 0.0000 0.0000 0.0000 0.0000 0.0000 
-0.0086 0.0228 -0.0180 0.0086 -0.0228 0.0000 0.0000 0.0000 0.0000 0.0000 0.0000 0.0000 0.0000 0.0000 0.0000 
-0.0185 0.0422 -0.0176 0.0185 -0.0422 0.0000 0.0000 0.0000 0.0000 0.0000 0.0000 0.0000 0.0000 0.0000 0.0000 
0.0044 -0.0070 -0.0051 -0.0044 0.0070 0.0000 0.0000 0.0000 0.0000 0.0000 0.0000 0.0000 0.0000 0.0000 0.0000 
-0.0043 0.0094 -0.0027 0.0043 -0.0094 0.0000 0.0000 0.0000 0.0000 0.0000 0.0000 0.0000 0.0000 0.0000 0.0000 
-0.0175 0.0435 -0.0269 0.0175 -0.0435 0.0000 0.0000 0.0000 0.0000 0.0000 0.0000 0.0000 0.0000 0.0000 0.0000 
-0.0030 0.0065 -0.0017 0.0030 -0.0065 0.0000 0.0000 0.0000 0.0000 0.0000 0.0000 0.0000 0.0000 0.0000 0.0000 
0.0105 -0.0212 0.0016 -0.0105 0.0212 0.0000 0.0000 0.0000 0.0000 0.0000 0.0000 0.0000 0.0000 0.0000 0.0000 
0.0133 -0.0312 0.0153 -0.0133 0.0312 0.0000 0.0000 0.0000 0.0000 0.0000 0.0000 0.0000 0.0000 0.0000 0.0000 
-0.0128 0.0323 -0.0218 0.0128 -0.0323 0.0000 0.0000 0.0000 0.0000 0.0000 0.0000 0.0000 0.0000 0.0000 0.0000 
0.0138 -0.0322 0.0153 -0.0138 0.0322 0.0000 0.0000 0.0000 0.0000 0.0000 0.0000 0.0000 0.0000 0.0000 0.0000 
CovUpdate:
0.4987 0.8325 0.4742 0.5013 -0.8325 0.0000 0.0000 0.0000 0.0000 0.0000 0.0000 0.0000 0.0000 0.0000 0.0000 
0.1316 0.6895 0.1549 -0.1316 0.3105 0.0000 0.0000 0.0000 0.0000 0.0000 0.0000 0.0000 0.0000 0.0000 0.0000 
0.0753 0.1516 0.0871 -0.0753 -0.1516 0.0000 0.0000 0.0000 0.0000 0.0000 0.0000 0.0000 0.0000 0.0000 0.0000 
0.0013 0.0043 -0.0208 0.9987 -0.0043 0.0000 0.0000 0.0000 0.0000 0.0000 0.0000 0.0000 0.0000 0.0000 0.0000 
-0.0191 0.0470 -0.0285 0.0191 0.9530 0.0000 0.0000 0.0000 0.0000 0.0000 0.0000 0.0000 0.0000 0.0000 0.0000 
0.0086 -0.0228 0.0180 -0.0086 0.0228 1.0000 0.0000 0.0000 0.0000 0.0000 0.0000 0.0000 0.0000 0.0000 0.0000 
0.0185 -0.0422 0.0176 -0.0185 0.0422 0.0000 1.0000 0.0000 0.0000 0.0000 0.0000 0.0000 0.0000 0.0000 0.0000 
-0.0044 0.0070 0.0051 0.0044 -0.0070 0.0000 0.0000 1.0000 0.0000 0.0000 0.0000 0.0000 0.0000 0.0000 0.0000 
0.0043 -0.0094 0.0027 -0.0043 0.0094 0.0000 0.0000 0.0000 1.0000 0.0000 0.0000 0.0000 0.0000 0.0000 0.0000 
0.0175 -0.0435 0.0269 -0.0175 0.0435 0.0000 0.0000 0.0000 0.0000 1.0000 0.0000 0.0000 0.0000 0.0000 0.0000 
0.0030 -0.0065 0.0017 -0.0030 0.0065 0.0000 0.0000 0.0000 0.0000 0.0000 1.0000 0.0000 0.0000 0.0000 0.0000 
-0.0105 0.0212 -0.0016 0.0105 -0.0212 0.0000 0.0000 0.0000 0.0000 0.0000 0.0000 1.0000 0.0000 0.0000 0.0000 
-0.0133 0.0312 -0.0153 0.0133 -0.0312 0.0000 0.0000 0.0000 0.0000 0.0000 0.0000 0.0000 1.0000 0.0000 0.0000 
0.0128 -0.0323 0.0218 -0.0128 0.0323 0.0000 0.0000 0.0000 0.0000 0.0000 0.0000 0.0000 0.0000 1.0000 0.0000 
-0.0138 0.0322 -0.0153 0.0138 -0.0322 0.0000 0.0000 0.0000 0.0000 0.0000 0.0000 0.0000 0.0000 0.0000 1.0000 
Temp7:
0.0383 0.0088 0.0055 0.0022 -0.0025 -0.0001 -0.0002 0.0007 0.0007 -0.0006 0.0008 0.0011 0.0017 -0.0003 0.0018 
0.0088 0.0091 0.0017 -0.0004 0.0021 0.0001 0.0012 -0.0001 0.0010 0.0002 0.0010 -0.0003 0.0008 0.0001 0.0007 
0.0055 0.0017 0.0010 -0.0001 -0.0005 -0.0001 0.0000 -0.0000 0.0001 -0.0002 0.0001 0.0000 0.0003 -0.0001 0.0003 
0.0022 -0.0004 -0.0001 0.0030 0.0000 0.0006 -0.0003 0.0008 -0.0001 0.0005 -0.0001 0.0008 0.0001 0.0006 0.0001 
-0.0025 0.0021 -0.0005 0.0000 0.0038 0.0002 0.0009 -0.0001 0.0005 0.0004 0.0005 -0.0002 0.0002 0.0003 0.0001 
-0.0001 0.0001 -0.0001 0.0006 0.0002 0.0086 -0.0005 0.0009 -0.0006 0.0017 -0.0006 0.0007 -0.0012 0.0015 -0.0012 
-0.0002 0.0012 0.0000 -0.0003 0.0009 -0.0005 0.0041 -0.0002 0.0006 0.0001 0.0006 -0.0003 0.0003 0.0001 0.0003 
0.0007 -0.0001 -0.0000 0.0008 -0.0001 0.0009 -0.0002 0.0050 -0.0010 0.0010 -0.0003 0.0008 -0.0005 0.0009 -0.0005 
0.0007 0.0010 0.0001 -0.0001 0.0005 -0.0006 0.0006 -0.0010 0.0046 -0.0007 0.0009 -0.0002 0.0012 -0.0006 0.0012 
-0.0006 0.0002 -0.0002 0.0005 0.0004 0.0017 0.0001 0.0010 -0.0007 0.0123 -0.0034 0.0006 -0.0018 0.0019 -0.0017 
0.0008 0.0010 0.0001 -0.0001 0.0005 -0.0006 0.0006 -0.0003 0.0009 -0.0034 0.0052 -0.0002 0.0013 -0.0006 0.0012 
0.0011 -0.0003 0.0000 0.0008 -0.0002 0.0007 -0.0003 0.0008 -0.0002 0.0006 -0.0002 0.0048 -0.0014 0.0006 -0.0001 
0.0017 0.0008 0.0003 0.0001 0.0002 -0.0012 0.0003 -0.0005 0.0012 -0.0018 0.0013 -0.0014 0.0075 -0.0014 0.0022 
-0.0003 0.0001 -0.0001 0.0006 0.0003 0.0015 0.0001 0.0009 -0.0006 0.0019 -0.0006 0.0006 -0.0014 0.0099 -0.0054 
0.0018 0.0007 0.0003 0.0001 0.0001 -0.0012 0.0003 -0.0005 0.0012 -0.0017 0.0012 -0.0001 0.0022 -0.0054 0.0085 
Matriz P después de update:
0.038302 0.008791 0.005496 0.002245 -0.002540 -0.000059 -0.000174 0.000750 0.000668 -0.000631 0.000769 0.001067 0.001749 -0.000323 0.001773 
0.008791 0.009148 0.001675 -0.000379 0.002084 0.000055 0.001228 -0.000148 0.001017 0.000177 0.001001 -0.000258 0.000766 0.000131 0.000731 
0.005496 0.001675 0.000980 -0.000127 -0.000450 -0.000106 0.000034 -0.000017 0.000137 -0.000172 0.000145 0.000025 0.000264 -0.000132 0.000261 
0.002245 -0.000379 -0.000127 0.003011 0.000033 0.000638 -0.000255 0.000822 -0.000123 0.000517 -0.000084 0.000847 0.000074 0.000558 0.000114 
-0.002540 0.002084 -0.000450 0.000033 0.003751 0.000234 0.000857 -0.000052 0.000541 0.000424 0.000517 -0.000199 0.000160 0.000329 0.000140 
-0.000059 0.000055 -0.000106 0.000638 0.000234 0.008601 -0.000479 0.000945 -0.000552 0.001701 -0.000569 0.000668 -0.001227 0.001483 -0.001179 
-0.000174 0.001228 0.000034 -0.000255 0.000857 -0.000479 0.004082 -0.000169 0.000593 0.000146 0.000574 -0.000262 0.000350 0.000093 0.000325 
0.000750 -0.000148 -0.000017 0.000822 -0.000052 0.000945 -0.000169 0.004998 -0.001018 0.001011 -0.000320 0.000765 -0.000507 0.000941 -0.000463 
0.000668 0.001017 0.000137 -0.000123 0.000541 -0.000552 0.000593 -0.001018 0.004590 -0.000721 0.000885 -0.000223 0.001207 -0.000602 0.001173 
-0.000631 0.000177 -0.000172 0.000517 0.000424 0.001701 0.000146 0.001011 -0.000721 0.012258 -0.003437 0.000609 -0.001755 0.001879 -0.001703 
0.000769 0.001001 0.000145 -0.000084 0.000517 -0.000569 0.000574 -0.000320 0.000885 -0.003437 0.005172 -0.000193 0.001267 -0.000629 0.001233 
0.001067 -0.000258 0.000025 0.000847 -0.000199 0.000668 -0.000262 0.000765 -0.000223 0.000609 -0.000193 0.004756 -0.001426 0.000615 -0.000104 
0.001749 0.000766 0.000264 0.000074 0.000160 -0.001227 0.000350 -0.000507 0.001207 -0.001755 0.001267 -0.001426 0.007540 -0.001424 0.002215 
-0.000323 0.000131 -0.000132 0.000558 0.000329 0.001483 0.000093 0.000941 -0.000602 0.001879 -0.000629 0.000615 -0.001424 0.009911 -0.005379 
0.001773 0.000731 0.000261 0.000114 0.000140 -0.001179 0.000325 -0.000463 0.001173 -0.001703 0.001233 -0.000104 0.002215 -0.005379 0.008544 

--- Landmark 1 ---
Robot pos: (6.038812, -0.001230, -0.000549)
Landmark pos: (3.003943, 12.008276)
q = 153.438675, sqrt(q) = 12.387037
H matrix:
0.078269 0.019779 -1.000000 0.000000 0.000000 -0.078269 -0.019779 0.000000 0.000000 0.000000 0.000000 0.000000 0.000000 0.000000 0.000000 
0.245004 -0.969522 0.000000 0.000000 0.000000 -0.245004 0.969522 0.000000 0.000000 0.000000 0.000000 0.000000 0.000000 0.000000 0.000000 
numEntries: 15 - NUM_MEAS_TYPE: 2 
HT matrix:
0.078269 - Indice i 0 - Indice j 0 
0.245004 - Indice i 0 - Indice j 1 

0.019779 - Indice i 1 - Indice j 0 
-0.969522 - Indice i 1 - Indice j 1 

-1.000000 - Indice i 2 - Indice j 0 
0.000000 - Indice i 2 - Indice j 1 

0.000000 - Indice i 3 - Indice j 0 
0.000000 - Indice i 3 - Indice j 1 

0.000000 - Indice i 4 - Indice j 0 
0.000000 - Indice i 4 - Indice j 1 

-0.078269 - Indice i 5 - Indice j 0 
-0.245004 - Indice i 5 - Indice j 1 

-0.019779 - Indice i 6 - Indice j 0 
0.969522 - Indice i 6 - Indice j 1 

0.000000 - Indice i 7 - Indice j 0 
0.000000 - Indice i 7 - Indice j 1 

0.000000 - Indice i 8 - Indice j 0 
0.000000 - Indice i 8 - Indice j 1 

0.000000 - Indice i 9 - Indice j 0 
0.000000 - Indice i 9 - Indice j 1 

0.000000 - Indice i 10 - Indice j 0 
0.000000 - Indice i 10 - Indice j 1 

0.000000 - Indice i 11 - Indice j 0 
0.000000 - Indice i 11 - Indice j 1 

0.000000 - Indice i 12 - Indice j 0 
0.000000 - Indice i 12 - Indice j 1 

0.000000 - Indice i 13 - Indice j 0 
0.000000 - Indice i 13 - Indice j 1 

0.000000 - Indice i 14 - Indice j 0 
0.000000 - Indice i 14 - Indice j 1 

Expected (beta, range): (1.818869, 12.387037)
Measured (beta, range): (1.821900, 12.389200)

--- Diff vector ---
diff[0][0] = 0.003031
diff[1][0] = 0.002163
Temp1:
-0.0023 -0.0008 -0.0005 0.0003 0.0003 -0.0006 -0.0001 0.0000 -0.0000 -0.0000 -0.0000 0.0000 -0.0000 -0.0000 -0.0000 
0.0007 -0.0055 -0.0002 0.0005 -0.0019 -0.0026 0.0028 -0.0001 -0.0001 -0.0006 -0.0001 0.0001 0.0003 -0.0005 0.0003 
Temp2:
0.0004 0.0003 
0.0003 0.0089 
Temp3:
0.0005 0.0003 
0.0003 0.0153 
Temp4:
2222.8874 -45.6483 
-45.6483 66.1019 
Temp5:
-0.0023 0.0007 
-0.0008 -0.0055 
-0.0005 -0.0002 
0.0003 0.0005 
0.0003 -0.0019 
-0.0006 -0.0026 
-0.0001 0.0028 
0.0000 -0.0001 
-0.0000 -0.0001 
-0.0000 -0.0006 
-0.0000 -0.0001 
0.0000 0.0001 
-0.0000 0.0003 
-0.0000 -0.0005 
-0.0000 0.0003 

--- Kalman Gain ---
K[0][0] = -5.179910
K[0][1] = 0.152463
K[1][0] = -1.603392
K[1][1] = -0.328004
K[2][0] = -1.121198
K[2][1] = 0.008757
K[3][0] = 0.533525
K[3][1] = 0.022521
K[4][0] = 0.657886
K[4][1] = -0.135337
K[5][0] = -1.126387
K[5][1] = -0.148884
K[6][0] = -0.277710
K[6][1] = 0.190928
K[7][0] = 0.006991
K[7][1] = -0.004574
K[8][0] = -0.067645
K[8][1] = -0.005915
K[9][0] = 0.004629
K[9][1] = -0.039280
K[10][0] = -0.067704
K[10][1] = -0.004192
K[11][0] = 0.008987
K[11][1] = 0.005895
K[12][0] = -0.066468
K[12][1] = 0.022572
K[13][0] = 0.003363
K[13][1] = -0.031309
K[14][0] = -0.064376
K[14][1] = 0.022799

--- State Update ---
ΔX[0] = -0.015371
ΔX[1] = -0.005570
ΔX[2] = -0.003380
ΔX[3] = 0.001666
ΔX[4] = 0.001701
ΔX[5] = -0.003736
ΔX[6] = -0.000429
ΔX[7] = 0.000011
ΔX[8] = -0.000218
ΔX[9] = -0.000071
ΔX[10] = -0.000214
ΔX[11] = 0.000040
ΔX[12] = -0.000153
ΔX[13] = -0.000058
ΔX[14] = -0.000146
Temp6:
-0.3681 -0.2503 5.1799 0.0000 0.0000 0.3681 0.2503 0.0000 0.0000 0.0000 0.0000 0.0000 0.0000 0.0000 0.0000 
-0.2059 0.2863 1.6034 0.0000 0.0000 0.2059 -0.2863 0.0000 0.0000 0.0000 0.0000 0.0000 0.0000 0.0000 0.0000 
-0.0856 -0.0307 1.1212 0.0000 0.0000 0.0856 0.0307 0.0000 0.0000 0.0000 0.0000 0.0000 0.0000 0.0000 0.0000 
0.0473 -0.0113 -0.5335 0.0000 0.0000 -0.0473 0.0113 0.0000 0.0000 0.0000 0.0000 0.0000 0.0000 0.0000 0.0000 
0.0183 0.1442 -0.6579 0.0000 0.0000 -0.0183 -0.1442 0.0000 0.0000 0.0000 0.0000 0.0000 0.0000 0.0000 0.0000 
-0.1246 0.1221 1.1264 0.0000 0.0000 0.1246 -0.1221 0.0000 0.0000 0.0000 0.0000 0.0000 0.0000 0.0000 0.0000 
0.0250 -0.1906 0.2777 0.0000 0.0000 -0.0250 0.1906 0.0000 0.0000 0.0000 0.0000 0.0000 0.0000 0.0000 0.0000 
-0.0006 0.0046 -0.0070 0.0000 0.0000 0.0006 -0.0046 0.0000 0.0000 0.0000 0.0000 0.0000 0.0000 0.0000 0.0000 
-0.0067 0.0044 0.0676 0.0000 0.0000 0.0067 -0.0044 0.0000 0.0000 0.0000 0.0000 0.0000 0.0000 0.0000 0.0000 
-0.0093 0.0382 -0.0046 0.0000 0.0000 0.0093 -0.0382 0.0000 0.0000 0.0000 0.0000 0.0000 0.0000 0.0000 0.0000 
-0.0063 0.0027 0.0677 0.0000 0.0000 0.0063 -0.0027 0.0000 0.0000 0.0000 0.0000 0.0000 0.0000 0.0000 0.0000 
0.0021 -0.0055 -0.0090 0.0000 0.0000 -0.0021 0.0055 0.0000 0.0000 0.0000 0.0000 0.0000 0.0000 0.0000 0.0000 
0.0003 -0.0232 0.0665 0.0000 0.0000 -0.0003 0.0232 0.0000 0.0000 0.0000 0.0000 0.0000 0.0000 0.0000 0.0000 
-0.0074 0.0304 -0.0034 0.0000 0.0000 0.0074 -0.0304 0.0000 0.0000 0.0000 0.0000 0.0000 0.0000 0.0000 0.0000 
0.0005 -0.0234 0.0644 0.0000 0.0000 -0.0005 0.0234 0.0000 0.0000 0.0000 0.0000 0.0000 0.0000 0.0000 0.0000 
CovUpdate:
1.3681 0.2503 -5.1799 0.0000 0.0000 -0.3681 -0.2503 0.0000 0.0000 0.0000 0.0000 0.0000 0.0000 0.0000 0.0000 
0.2059 0.7137 -1.6034 0.0000 0.0000 -0.2059 0.2863 0.0000 0.0000 0.0000 0.0000 0.0000 0.0000 0.0000 0.0000 
0.0856 0.0307 -0.1212 0.0000 0.0000 -0.0856 -0.0307 0.0000 0.0000 0.0000 0.0000 0.0000 0.0000 0.0000 0.0000 
-0.0473 0.0113 0.5335 1.0000 0.0000 0.0473 -0.0113 0.0000 0.0000 0.0000 0.0000 0.0000 0.0000 0.0000 0.0000 
-0.0183 -0.1442 0.6579 0.0000 1.0000 0.0183 0.1442 0.0000 0.0000 0.0000 0.0000 0.0000 0.0000 0.0000 0.0000 
0.1246 -0.1221 -1.1264 0.0000 0.0000 0.8754 0.1221 0.0000 0.0000 0.0000 0.0000 0.0000 0.0000 0.0000 0.0000 
-0.0250 0.1906 -0.2777 0.0000 0.0000 0.0250 0.8094 0.0000 0.0000 0.0000 0.0000 0.0000 0.0000 0.0000 0.0000 
0.0006 -0.0046 0.0070 0.0000 0.0000 -0.0006 0.0046 1.0000 0.0000 0.0000 0.0000 0.0000 0.0000 0.0000 0.0000 
0.0067 -0.0044 -0.0676 0.0000 0.0000 -0.0067 0.0044 0.0000 1.0000 0.0000 0.0000 0.0000 0.0000 0.0000 0.0000 
0.0093 -0.0382 0.0046 0.0000 0.0000 -0.0093 0.0382 0.0000 0.0000 1.0000 0.0000 0.0000 0.0000 0.0000 0.0000 
0.0063 -0.0027 -0.0677 0.0000 0.0000 -0.0063 0.0027 0.0000 0.0000 0.0000 1.0000 0.0000 0.0000 0.0000 0.0000 
-0.0021 0.0055 0.0090 0.0000 0.0000 0.0021 -0.0055 0.0000 0.0000 0.0000 0.0000 1.0000 0.0000 0.0000 0.0000 
-0.0003 0.0232 -0.0665 0.0000 0.0000 0.0003 -0.0232 0.0000 0.0000 0.0000 0.0000 0.0000 1.0000 0.0000 0.0000 
0.0074 -0.0304 0.0034 0.0000 0.0000 -0.0074 0.0304 0.0000 0.0000 0.0000 0.0000 0.0000 0.0000 1.0000 0.0000 
-0.0005 0.0234 -0.0644 0.0000 0.0000 0.0005 -0.0234 0.0000 0.0000 0.0000 0.0000 0.0000 0.0000 0.0000 1.0000 
Temp7:
0.0262 0.0053 0.0029 0.0035 -0.0009 -0.0026 -0.0010 0.0008 0.0005 -0.0006 0.0006 0.0011 0.0016 -0.0003 0.0016 
0.0053 0.0060 0.0008 0.0002 0.0019 -0.0017 0.0021 -0.0002 0.0009 -0.0000 0.0009 -0.0002 0.0008 -0.0000 0.0008 
0.0029 0.0008 0.0004 0.0001 -0.0001 -0.0007 -0.0001 -0.0000 0.0001 -0.0002 0.0001 0.0000 0.0002 -0.0001 0.0002 
0.0035 0.0002 0.0001 0.0029 -0.0001 0.0010 -0.0003 0.0008 -0.0001 0.0005 -0.0001 0.0008 0.0001 0.0006 0.0001 
-0.0009 0.0019 -0.0001 -0.0001 0.0033 0.0002 0.0013 -0.0001 0.0005 0.0003 0.0005 -0.0002 0.0002 0.0003 0.0002 
-0.0026 -0.0017 -0.0007 0.0010 0.0002 0.0076 -0.0001 0.0009 -0.0006 0.0016 -0.0006 0.0007 -0.0012 0.0014 -0.0012 
-0.0010 0.0021 -0.0001 -0.0003 0.0013 -0.0001 0.0035 -0.0002 0.0006 0.0003 0.0006 -0.0003 0.0003 0.0002 0.0003 
0.0008 -0.0002 -0.0000 0.0008 -0.0001 0.0009 -0.0002 0.0050 -0.0010 0.0010 -0.0003 0.0008 -0.0005 0.0009 -0.0005 
0.0005 0.0009 0.0001 -0.0001 0.0005 -0.0006 0.0006 -0.0010 0.0046 -0.0007 0.0009 -0.0002 0.0012 -0.0006 0.0012 
-0.0006 -0.0000 -0.0002 0.0005 0.0003 0.0016 0.0003 0.0010 -0.0007 0.0122 -0.0034 0.0006 -0.0017 0.0019 -0.0017 
0.0006 0.0009 0.0001 -0.0001 0.0005 -0.0006 0.0006 -0.0003 0.0009 -0.0034 0.0052 -0.0002 0.0013 -0.0006 0.0012 
0.0011 -0.0002 0.0000 0.0008 -0.0002 0.0007 -0.0003 0.0008 -0.0002 0.0006 -0.0002 0.0048 -0.0014 0.0006 -0.0001 
0.0016 0.0008 0.0002 0.0001 0.0002 -0.0012 0.0003 -0.0005 0.0012 -0.0017 0.0013 -0.0014 0.0075 -0.0014 0.0022 
-0.0003 -0.0000 -0.0001 0.0006 0.0003 0.0014 0.0002 0.0009 -0.0006 0.0019 -0.0006 0.0006 -0.0014 0.0099 -0.0054 
0.0016 0.0008 0.0002 0.0001 0.0002 -0.0012 0.0003 -0.0005 0.0012 -0.0017 0.0012 -0.0001 0.0022 -0.0054 0.0085 
Matriz P después de update:
0.026199 0.005310 0.002893 0.003464 -0.000921 -0.002562 -0.000952 0.000769 0.000515 -0.000593 0.000615 0.001083 0.001579 -0.000293 0.001608 
0.005310 0.005993 0.000788 0.000191 0.001883 -0.001710 0.002053 -0.000168 0.000927 -0.000037 0.000921 -0.000217 0.000836 -0.000040 0.000803 
0.002893 0.000788 0.000411 0.000149 -0.000145 -0.000712 -0.000065 -0.000014 0.000101 -0.000178 0.000110 0.000031 0.000236 -0.000137 0.000234 
0.003464 0.000191 0.000149 0.002866 -0.000063 0.000997 -0.000284 0.000823 -0.000103 0.000536 -0.000064 0.000842 0.000079 0.000573 0.000118 
-0.000921 0.001883 -0.000145 -0.000063 0.003329 0.000246 0.001285 -0.000062 0.000548 0.000349 0.000527 -0.000191 0.000219 0.000270 0.000199 
-0.002562 -0.001710 -0.000712 0.000997 0.000246 0.007577 -0.000131 0.000936 -0.000606 0.001599 -0.000618 0.000689 -0.001205 0.001403 -0.001155 
-0.000952 0.002053 -0.000065 -0.000284 0.001285 -0.000131 0.003521 -0.000156 0.000605 0.000258 0.000581 -0.000278 0.000281 0.000182 0.000256 
0.000769 -0.000168 -0.000014 0.000823 -0.000062 0.000936 -0.000156 0.004998 -0.001018 0.001008 -0.000320 0.000766 -0.000506 0.000939 -0.000461 
0.000515 0.000927 0.000101 -0.000103 0.000548 -0.000606 0.000605 -0.001018 0.004587 -0.000726 0.000882 -0.000222 0.001207 -0.000605 0.001173 
-0.000593 -0.000037 -0.000178 0.000536 0.000349 0.001599 0.000258 0.001008 -0.000726 0.012235 -0.003440 0.000612 -0.001743 0.001860 -0.001690 
0.000615 0.000921 0.000110 -0.000064 0.000527 -0.000618 0.000581 -0.000320 0.000882 -0.003440 0.005169 -0.000192 0.001267 -0.000631 0.001233 
0.001083 -0.000217 0.000031 0.000842 -0.000191 0.000689 -0.000278 0.000766 -0.000222 0.000612 -0.000192 0.004755 -0.001427 0.000617 -0.000105 
0.001579 0.000836 0.000236 0.000079 0.000219 -0.001205 0.000281 -0.000506 0.001207 -0.001743 0.001267 -0.001427 0.007531 -0.001414 0.002206 
-0.000293 -0.000040 -0.000137 0.000573 0.000270 0.001403 0.000182 0.000939 -0.000605 0.001860 -0.000631 0.000617 -0.001414 0.009896 -0.005369 
0.001608 0.000803 0.000234 0.000118 0.000199 -0.001155 0.000256 -0.000461 0.001173 -0.001690 0.001233 -0.000105 0.002206 -0.005369 0.008535 

--- Landmark 2 ---
Robot pos: (6.023441, -0.006800, -0.003929)
Landmark pos: (6.998496, 8.001031)
q = 65.076085, sqrt(q) = 8.066975
H matrix:
0.123053 -0.014983 -1.000000 0.000000 0.000000 0.000000 0.000000 -0.123053 0.014983 0.000000 0.000000 0.000000 0.000000 0.000000 0.000000 
-0.120870 -0.992668 0.000000 0.000000 0.000000 0.000000 0.000000 0.120870 0.992668 0.000000 0.000000 0.000000 0.000000 0.000000 0.000000 
numEntries: 15 - NUM_MEAS_TYPE: 2 
HT matrix:
0.123053 - Indice i 0 - Indice j 0 
-0.120870 - Indice i 0 - Indice j 1 

-0.014983 - Indice i 1 - Indice j 0 
-0.992668 - Indice i 1 - Indice j 1 

-1.000000 - Indice i 2 - Indice j 0 
0.000000 - Indice i 2 - Indice j 1 

0.000000 - Indice i 3 - Indice j 0 
0.000000 - Indice i 3 - Indice j 1 

0.000000 - Indice i 4 - Indice j 0 
0.000000 - Indice i 4 - Indice j 1 

0.000000 - Indice i 5 - Indice j 0 
0.000000 - Indice i 5 - Indice j 1 

0.000000 - Indice i 6 - Indice j 0 
0.000000 - Indice i 6 - Indice j 1 

-0.123053 - Indice i 7 - Indice j 0 
0.120870 - Indice i 7 - Indice j 1 

0.014983 - Indice i 8 - Indice j 0 
0.992668 - Indice i 8 - Indice j 1 

0.000000 - Indice i 9 - Indice j 0 
0.000000 - Indice i 9 - Indice j 1 

0.000000 - Indice i 10 - Indice j 0 
0.000000 - Indice i 10 - Indice j 1 

0.000000 - Indice i 11 - Indice j 0 
0.000000 - Indice i 11 - Indice j 1 

0.000000 - Indice i 12 - Indice j 0 
0.000000 - Indice i 12 - Indice j 1 

0.000000 - Indice i 13 - Indice j 0 
0.000000 - Indice i 13 - Indice j 1 

0.000000 - Indice i 14 - Indice j 0 
0.000000 - Indice i 14 - Indice j 1 

Expected (beta, range): (1.453559, 8.066975)
Measured (beta, range): (1.453900, 8.078700)

--- Diff vector ---
diff[0][0] = 0.000341
diff[1][0] = 0.011725
Temp1:
0.0002 -0.0002 -0.0001 0.0002 0.0000 0.0003 -0.0001 -0.0005 0.0001 -0.0000 0.0000 0.0000 0.0000 -0.0000 0.0000 
-0.0078 -0.0057 -0.0010 -0.0006 -0.0012 0.0015 -0.0013 -0.0003 0.0034 -0.0005 -0.0002 -0.0000 0.0001 -0.0004 0.0001 
Temp2:
0.0002 0.0002 
0.0002 0.0100 
Temp3:
0.0003 0.0002 
0.0002 0.0164 
Temp4:
4014.5800 -60.6061 
-60.6061 61.9741 
Temp5:
0.0002 -0.0078 
-0.0002 -0.0057 
-0.0001 -0.0010 
0.0002 -0.0006 
0.0000 -0.0012 
0.0003 0.0015 
-0.0001 -0.0013 
-0.0005 -0.0003 
0.0001 0.0034 
-0.0000 -0.0005 
0.0000 -0.0002 
0.0000 -0.0000 
0.0000 0.0001 
-0.0000 -0.0004 
0.0000 0.0001 

--- Kalman Gain ---
K[0][0] = 1.134895
K[0][1] = -0.495408
K[1][0] = -0.416313
K[1][1] = -0.341161
K[2][0] = -0.193277
K[2][1] = -0.060166
K[3][0] = 0.725509
K[3][1] = -0.048300
K[4][0] = 0.152881
K[4][1] = -0.076918
K[5][0] = 1.105028
K[5][1] = 0.076097
K[6][0] = -0.136264
K[6][1] = -0.079860
K[7][0] = -2.063515
K[7][1] = 0.010791
K[8][0] = 0.363878
K[8][1] = 0.205025
K[9][0] = -0.088372
K[9][1] = -0.028588
K[10][0] = 0.027376
K[10][1] = -0.009674
K[11][0] = 0.034007
K[11][1] = -0.003113
K[12][0] = 0.099591
K[12][1] = 0.005615
K[13][0] = -0.066078
K[13][1] = -0.024163
K[14][0] = 0.100076
K[14][1] = 0.005627

--- State Update ---
ΔX[0] = -0.005421
ΔX[1] = -0.004142
ΔX[2] = -0.000771
ΔX[3] = -0.000319
ΔX[4] = -0.000850
ΔX[5] = 0.001269
ΔX[6] = -0.000983
ΔX[7] = -0.000578
ΔX[8] = 0.002528
ΔX[9] = -0.000365
ΔX[10] = -0.000104
ΔX[11] = -0.000025
ΔX[12] = 0.000100
ΔX[13] = -0.000306
ΔX[14] = 0.000100
Temp6:
0.1995 0.4748 -1.1349 0.0000 0.0000 0.0000 0.0000 -0.1995 -0.4748 0.0000 0.0000 0.0000 0.0000 0.0000 0.0000 
-0.0100 0.3449 0.4163 0.0000 0.0000 0.0000 0.0000 0.0100 -0.3449 0.0000 0.0000 0.0000 0.0000 0.0000 0.0000 
-0.0165 0.0626 0.1933 0.0000 0.0000 0.0000 0.0000 0.0165 -0.0626 0.0000 0.0000 0.0000 0.0000 0.0000 0.0000 
0.0951 0.0371 -0.7255 0.0000 0.0000 0.0000 0.0000 -0.0951 -0.0371 0.0000 0.0000 0.0000 0.0000 0.0000 0.0000 
0.0281 0.0741 -0.1529 0.0000 0.0000 0.0000 0.0000 -0.0281 -0.0741 0.0000 0.0000 0.0000 0.0000 0.0000 0.0000 
0.1268 -0.0921 -1.1050 0.0000 0.0000 0.0000 0.0000 -0.1268 0.0921 0.0000 0.0000 0.0000 0.0000 0.0000 0.0000 
-0.0071 0.0813 0.1363 0.0000 0.0000 0.0000 0.0000 0.0071 -0.0813 0.0000 0.0000 0.0000 0.0000 0.0000 0.0000 
-0.2552 0.0202 2.0635 0.0000 0.0000 0.0000 0.0000 0.2552 -0.0202 0.0000 0.0000 0.0000 0.0000 0.0000 0.0000 
0.0200 -0.2090 -0.3639 0.0000 0.0000 0.0000 0.0000 -0.0200 0.2090 0.0000 0.0000 0.0000 0.0000 0.0000 0.0000 
-0.0074 0.0297 0.0884 0.0000 0.0000 0.0000 0.0000 0.0074 -0.0297 0.0000 0.0000 0.0000 0.0000 0.0000 0.0000 
0.0045 0.0092 -0.0274 0.0000 0.0000 0.0000 0.0000 -0.0045 -0.0092 0.0000 0.0000 0.0000 0.0000 0.0000 0.0000 
0.0046 0.0026 -0.0340 0.0000 0.0000 0.0000 0.0000 -0.0046 -0.0026 0.0000 0.0000 0.0000 0.0000 0.0000 0.0000 
0.0116 -0.0071 -0.0996 0.0000 0.0000 0.0000 0.0000 -0.0116 0.0071 0.0000 0.0000 0.0000 0.0000 0.0000 0.0000 
-0.0052 0.0250 0.0661 0.0000 0.0000 0.0000 0.0000 0.0052 -0.0250 0.0000 0.0000 0.0000 0.0000 0.0000 0.0000 
0.0116 -0.0071 -0.1001 0.0000 0.0000 0.0000 0.0000 -0.0116 0.0071 0.0000 0.0000 0.0000 0.0000 0.0000 0.0000 
CovUpdate:
0.8005 -0.4748 1.1349 0.0000 0.0000 0.0000 0.0000 0.1995 0.4748 0.0000 0.0000 0.0000 0.0000 0.0000 0.0000 
0.0100 0.6551 -0.4163 0.0000 0.0000 0.0000 0.0000 -0.0100 0.3449 0.0000 0.0000 0.0000 0.0000 0.0000 0.0000 
0.0165 -0.0626 0.8067 0.0000 0.0000 0.0000 0.0000 -0.0165 0.0626 0.0000 0.0000 0.0000 0.0000 0.0000 0.0000 
-0.0951 -0.0371 0.7255 1.0000 0.0000 0.0000 0.0000 0.0951 0.0371 0.0000 0.0000 0.0000 0.0000 0.0000 0.0000 
-0.0281 -0.0741 0.1529 0.0000 1.0000 0.0000 0.0000 0.0281 0.0741 0.0000 0.0000 0.0000 0.0000 0.0000 0.0000 
-0.1268 0.0921 1.1050 0.0000 0.0000 1.0000 0.0000 0.1268 -0.0921 0.0000 0.0000 0.0000 0.0000 0.0000 0.0000 
0.0071 -0.0813 -0.1363 0.0000 0.0000 0.0000 1.0000 -0.0071 0.0813 0.0000 0.0000 0.0000 0.0000 0.0000 0.0000 
0.2552 -0.0202 -2.0635 0.0000 0.0000 0.0000 0.0000 0.7448 0.0202 0.0000 0.0000 0.0000 0.0000 0.0000 0.0000 
-0.0200 0.2090 0.3639 0.0000 0.0000 0.0000 0.0000 0.0200 0.7910 0.0000 0.0000 0.0000 0.0000 0.0000 0.0000 
0.0074 -0.0297 -0.0884 0.0000 0.0000 0.0000 0.0000 -0.0074 0.0297 1.0000 0.0000 0.0000 0.0000 0.0000 0.0000 
-0.0045 -0.0092 0.0274 0.0000 0.0000 0.0000 0.0000 0.0045 0.0092 0.0000 1.0000 0.0000 0.0000 0.0000 0.0000 
-0.0046 -0.0026 0.0340 0.0000 0.0000 0.0000 0.0000 0.0046 0.0026 0.0000 0.0000 1.0000 0.0000 0.0000 0.0000 
-0.0116 0.0071 0.0996 0.0000 0.0000 0.0000 0.0000 0.0116 -0.0071 0.0000 0.0000 0.0000 1.0000 0.0000 0.0000 
0.0052 -0.0250 -0.0661 0.0000 0.0000 0.0000 0.0000 -0.0052 0.0250 0.0000 0.0000 0.0000 0.0000 1.0000 0.0000 
-0.0116 0.0071 0.1001 0.0000 0.0000 0.0000 0.0000 0.0116 -0.0071 0.0000 0.0000 0.0000 0.0000 0.0000 1.0000 
Temp7:
0.0221 0.0027 0.0025 0.0030 -0.0015 -0.0021 -0.0016 0.0012 0.0021 -0.0008 0.0005 0.0011 0.0016 -0.0005 0.0016 
0.0027 0.0040 0.0004 0.0001 0.0015 -0.0011 0.0016 -0.0005 0.0022 -0.0002 0.0009 -0.0002 0.0009 -0.0002 0.0009 
0.0025 0.0004 0.0003 0.0001 -0.0002 -0.0006 -0.0002 -0.0001 0.0003 -0.0002 0.0001 0.0000 0.0002 -0.0002 0.0002 
0.0030 0.0001 0.0001 0.0027 -0.0001 0.0009 -0.0003 0.0012 -0.0000 0.0005 -0.0001 0.0008 0.0001 0.0006 0.0001 
-0.0015 0.0015 -0.0002 -0.0001 0.0032 0.0003 0.0012 -0.0000 0.0008 0.0003 0.0005 -0.0002 0.0002 0.0002 0.0002 
-0.0021 -0.0011 -0.0006 0.0009 0.0003 0.0071 0.0000 0.0015 -0.0010 0.0017 -0.0006 0.0007 -0.0012 0.0015 -0.0012 
-0.0016 0.0016 -0.0002 -0.0003 0.0012 0.0000 0.0034 -0.0003 0.0009 0.0002 0.0006 -0.0003 0.0003 0.0001 0.0003 
0.0012 -0.0005 -0.0001 0.0012 -0.0000 0.0015 -0.0003 0.0039 -0.0008 0.0010 -0.0003 0.0008 -0.0005 0.0009 -0.0004 
0.0021 0.0022 0.0003 -0.0000 0.0008 -0.0010 0.0009 -0.0008 0.0038 -0.0006 0.0009 -0.0002 0.0012 -0.0005 0.0011 
-0.0008 -0.0002 -0.0002 0.0005 0.0003 0.0017 0.0002 0.0010 -0.0006 0.0122 -0.0034 0.0006 -0.0017 0.0018 -0.0017 
0.0005 0.0009 0.0001 -0.0001 0.0005 -0.0006 0.0006 -0.0003 0.0009 -0.0034 0.0052 -0.0002 0.0013 -0.0006 0.0012 
0.0011 -0.0002 0.0000 0.0008 -0.0002 0.0007 -0.0003 0.0008 -0.0002 0.0006 -0.0002 0.0048 -0.0014 0.0006 -0.0001 
0.0016 0.0009 0.0002 0.0001 0.0002 -0.0012 0.0003 -0.0005 0.0012 -0.0017 0.0013 -0.0014 0.0075 -0.0014 0.0022 
-0.0005 -0.0002 -0.0002 0.0006 0.0002 0.0015 0.0001 0.0009 -0.0005 0.0018 -0.0006 0.0006 -0.0014 0.0099 -0.0054 
0.0016 0.0009 0.0002 0.0001 0.0002 -0.0012 0.0003 -0.0004 0.0011 -0.0017 0.0012 -0.0001 0.0022 -0.0054 0.0085 
Matriz P después de update:
0.022132 0.002706 0.002453 0.002967 -0.001549 -0.002148 -0.001555 0.001193 0.002062 -0.000802 0.000535 0.001053 0.001606 -0.000472 0.001636 
0.002706 0.003973 0.000409 0.000054 0.001475 -0.001068 0.001573 -0.000497 0.002163 -0.000216 0.000871 -0.000229 0.000887 -0.000190 0.000854 
0.002453 0.000409 0.000337 0.000145 -0.000215 -0.000563 -0.000157 -0.000134 0.000336 -0.000213 0.000102 0.000030 0.000248 -0.000167 0.000246 
0.002967 0.000054 0.000145 0.002712 -0.000136 0.000854 -0.000309 0.001183 -0.000040 0.000534 -0.000075 0.000834 0.000065 0.000569 0.000105 
-0.001549 0.001475 -0.000215 -0.000136 0.003232 0.000318 0.001190 -0.000009 0.000791 0.000316 0.000514 -0.000195 0.000224 0.000242 0.000204 
-0.002148 -0.001068 -0.000563 0.000854 0.000318 0.007132 0.000031 0.001535 -0.001026 0.001669 -0.000611 0.000683 -0.001243 0.001459 -0.001193 
-0.001555 0.001573 -0.000157 -0.000309 0.001190 0.000031 0.003407 -0.000253 0.000900 0.000214 0.000570 -0.000281 0.000294 0.000146 0.000269 
0.001193 -0.000497 -0.000134 0.001183 -0.000009 0.001535 -0.000253 0.003930 -0.000761 0.000953 -0.000309 0.000782 -0.000452 0.000897 -0.000408 
0.002062 0.002163 0.000336 -0.000040 0.000791 -0.001026 0.000900 -0.000761 0.003829 -0.000614 0.000911 -0.000216 0.001173 -0.000512 0.001139 
-0.000802 -0.000216 -0.000213 0.000534 0.000316 0.001669 0.000214 0.000953 -0.000614 0.012218 -0.003444 0.000612 -0.001737 0.001846 -0.001684 
0.000535 0.000871 0.000102 -0.000075 0.000514 -0.000611 0.000570 -0.000309 0.000911 -0.003444 0.005167 -0.000193 0.001267 -0.000635 0.001234 
0.001053 -0.000229 0.000030 0.000834 -0.000195 0.000683 -0.000281 0.000782 -0.000216 0.000612 -0.000193 0.004755 -0.001428 0.000617 -0.000106 
0.001606 0.000887 0.000248 0.000065 0.000224 -0.001243 0.000294 -0.000452 0.001173 -0.001737 0.001267 -0.001428 0.007528 -0.001410 0.002203 
-0.000472 -0.000190 -0.000167 0.000569 0.000242 0.001459 0.000146 0.000897 -0.000512 0.001846 -0.000635 0.000617 -0.001410 0.009884 -0.005364 
0.001636 0.000854 0.000246 0.000105 0.000204 -0.001193 0.000269 -0.000408 0.001139 -0.001684 0.001234 -0.000106 0.002203 -0.005364 0.008532 

--- Landmark 3 ---
Robot pos: (6.018020, -0.010942, -0.004700)
Landmark pos: (7.003405, 13.998559)
q = 197.237100, sqrt(q) = 14.044113
H matrix:
0.071029 -0.004996 -1.000000 0.000000 0.000000 0.000000 0.000000 0.000000 0.000000 -0.071029 0.004996 0.000000 0.000000 0.000000 0.000000 
-0.070164 -0.997536 0.000000 0.000000 0.000000 0.000000 0.000000 0.000000 0.000000 0.070164 0.997536 0.000000 0.000000 0.000000 0.000000 
numEntries: 15 - NUM_MEAS_TYPE: 2 
HT matrix:
0.071029 - Indice i 0 - Indice j 0 
-0.070164 - Indice i 0 - Indice j 1 

-0.004996 - Indice i 1 - Indice j 0 
-0.997536 - Indice i 1 - Indice j 1 

-1.000000 - Indice i 2 - Indice j 0 
0.000000 - Indice i 2 - Indice j 1 

0.000000 - Indice i 3 - Indice j 0 
0.000000 - Indice i 3 - Indice j 1 

0.000000 - Indice i 4 - Indice j 0 
0.000000 - Indice i 4 - Indice j 1 

0.000000 - Indice i 5 - Indice j 0 
0.000000 - Indice i 5 - Indice j 1 

0.000000 - Indice i 6 - Indice j 0 
0.000000 - Indice i 6 - Indice j 1 

0.000000 - Indice i 7 - Indice j 0 
0.000000 - Indice i 7 - Indice j 1 

0.000000 - Indice i 8 - Indice j 0 
0.000000 - Indice i 8 - Indice j 1 

-0.071029 - Indice i 9 - Indice j 0 
0.070164 - Indice i 9 - Indice j 1 

0.004996 - Indice i 10 - Indice j 0 
0.997536 - Indice i 10 - Indice j 1 

0.000000 - Indice i 11 - Indice j 0 
0.000000 - Indice i 11 - Indice j 1 

0.000000 - Indice i 12 - Indice j 0 
0.000000 - Indice i 12 - Indice j 1 

0.000000 - Indice i 13 - Indice j 0 
0.000000 - Indice i 13 - Indice j 1 

0.000000 - Indice i 14 - Indice j 0 
0.000000 - Indice i 14 - Indice j 1 

Expected (beta, range): (1.505275, 14.044113)
Measured (beta, range): (1.506000, 14.047700)

--- Diff vector ---
diff[0][0] = 0.000725
diff[1][0] = 0.003587
Temp1:
-0.0008 -0.0002 -0.0001 0.0000 0.0001 0.0003 0.0000 0.0002 -0.0002 -0.0007 0.0002 0.0000 -0.0000 -0.0000 -0.0000 
-0.0038 -0.0033 -0.0005 -0.0003 -0.0008 0.0007 -0.0009 0.0002 -0.0014 -0.0023 0.0040 0.0000 0.0001 -0.0003 0.0001 
Temp2:
0.0001 0.0004 
0.0004 0.0074 
Temp3:
0.0002 0.0004 
0.0004 0.0138 
Temp4:
4344.8824 -134.0389 
-134.0389 76.6464 
Temp5:
-0.0008 -0.0038 
-0.0002 -0.0033 
-0.0001 -0.0005 
0.0000 -0.0003 
0.0001 -0.0008 
0.0003 0.0007 
0.0000 -0.0009 
0.0002 0.0002 
-0.0002 -0.0014 
-0.0007 -0.0023 
0.0002 0.0040 
0.0000 0.0000 
-0.0000 0.0001 
-0.0000 -0.0003 
-0.0000 0.0001 

--- Kalman Gain ---
K[0][0] = -3.123345
K[0][1] = -0.177378
K[1][0] = -0.499040
K[1][1] = -0.223823
K[2][0] = -0.580471
K[2][1] = -0.017863
K[3][0] = 0.155941
K[3][1] = -0.026506
K[4][0] = 0.448801
K[4][1] = -0.073815
K[5][0] = 1.181583
K[5][1] = 0.015986
K[6][0] = 0.230425
K[6][1] = -0.070673
K[7][0] = 0.639436
K[7][1] = -0.007344
K[8][0] = -0.468292
K[8][1] = -0.089709
K[9][0] = -2.853580
K[9][1] = -0.079158
K[10][0] = 0.341954
K[10][1] = 0.279990
K[11][0] = 0.005363
K[11][1] = 0.000182
K[12][0] = -0.055468
K[12][1] = 0.012217
K[13][0] = 0.036811
K[13][1] = -0.021513
K[14][0] = -0.054312
K[14][1] = 0.012226

--- State Update ---
ΔX[0] = -0.002901
ΔX[1] = -0.001165
ΔX[2] = -0.000485
ΔX[3] = 0.000018
ΔX[4] = 0.000061
ΔX[5] = 0.000914
ΔX[6] = -0.000086
ΔX[7] = 0.000437
ΔX[8] = -0.000661
ΔX[9] = -0.002353
ΔX[10] = 0.001252
ΔX[11] = 0.000005
ΔX[12] = 0.000004
ΔX[13] = -0.000050
ΔX[14] = 0.000004
Temp6:
-0.2094 0.1925 3.1233 0.0000 0.0000 0.0000 0.0000 0.0000 0.0000 0.2094 -0.1925 0.0000 0.0000 0.0000 0.0000 
-0.0197 0.2258 0.4990 0.0000 0.0000 0.0000 0.0000 0.0000 0.0000 0.0197 -0.2258 0.0000 0.0000 0.0000 0.0000 
-0.0400 0.0207 0.5805 0.0000 0.0000 0.0000 0.0000 0.0000 0.0000 0.0400 -0.0207 0.0000 0.0000 0.0000 0.0000 
0.0129 0.0257 -0.1559 0.0000 0.0000 0.0000 0.0000 0.0000 0.0000 -0.0129 -0.0257 0.0000 0.0000 0.0000 0.0000 
0.0371 0.0714 -0.4488 0.0000 0.0000 0.0000 0.0000 0.0000 0.0000 -0.0371 -0.0714 0.0000 0.0000 0.0000 0.0000 
0.0828 -0.0218 -1.1816 0.0000 0.0000 0.0000 0.0000 0.0000 0.0000 -0.0828 0.0218 0.0000 0.0000 0.0000 0.0000 
0.0213 0.0693 -0.2304 0.0000 0.0000 0.0000 0.0000 0.0000 0.0000 -0.0213 -0.0693 0.0000 0.0000 0.0000 0.0000 
0.0459 0.0041 -0.6394 0.0000 0.0000 0.0000 0.0000 0.0000 0.0000 -0.0459 -0.0041 0.0000 0.0000 0.0000 0.0000 
-0.0270 0.0918 0.4683 0.0000 0.0000 0.0000 0.0000 0.0000 0.0000 0.0270 -0.0918 0.0000 0.0000 0.0000 0.0000 
-0.1971 0.0932 2.8536 0.0000 0.0000 0.0000 0.0000 0.0000 0.0000 0.1971 -0.0932 0.0000 0.0000 0.0000 0.0000 
0.0046 -0.2810 -0.3420 0.0000 0.0000 0.0000 0.0000 0.0000 0.0000 -0.0046 0.2810 0.0000 0.0000 0.0000 0.0000 
0.0004 -0.0002 -0.0054 0.0000 0.0000 0.0000 0.0000 0.0000 0.0000 -0.0004 0.0002 0.0000 0.0000 0.0000 0.0000 
-0.0048 -0.0119 0.0555 0.0000 0.0000 0.0000 0.0000 0.0000 0.0000 0.0048 0.0119 0.0000 0.0000 0.0000 0.0000 
0.0041 0.0213 -0.0368 0.0000 0.0000 0.0000 0.0000 0.0000 0.0000 -0.0041 -0.0213 0.0000 0.0000 0.0000 0.0000 
-0.0047 -0.0119 0.0543 0.0000 0.0000 0.0000 0.0000 0.0000 0.0000 0.0047 0.0119 0.0000 0.0000 0.0000 0.0000 
CovUpdate:
1.2094 -0.1925 -3.1233 0.0000 0.0000 0.0000 0.0000 0.0000 0.0000 -0.2094 0.1925 0.0000 0.0000 0.0000 0.0000 
0.0197 0.7742 -0.4990 0.0000 0.0000 0.0000 0.0000 0.0000 0.0000 -0.0197 0.2258 0.0000 0.0000 0.0000 0.0000 
0.0400 -0.0207 0.4195 0.0000 0.0000 0.0000 0.0000 0.0000 0.0000 -0.0400 0.0207 0.0000 0.0000 0.0000 0.0000 
-0.0129 -0.0257 0.1559 1.0000 0.0000 0.0000 0.0000 0.0000 0.0000 0.0129 0.0257 0.0000 0.0000 0.0000 0.0000 
-0.0371 -0.0714 0.4488 0.0000 1.0000 0.0000 0.0000 0.0000 0.0000 0.0371 0.0714 0.0000 0.0000 0.0000 0.0000 
-0.0828 0.0218 1.1816 0.0000 0.0000 1.0000 0.0000 0.0000 0.0000 0.0828 -0.0218 0.0000 0.0000 0.0000 0.0000 
-0.0213 -0.0693 0.2304 0.0000 0.0000 0.0000 1.0000 0.0000 0.0000 0.0213 0.0693 0.0000 0.0000 0.0000 0.0000 
-0.0459 -0.0041 0.6394 0.0000 0.0000 0.0000 0.0000 1.0000 0.0000 0.0459 0.0041 0.0000 0.0000 0.0000 0.0000 
0.0270 -0.0918 -0.4683 0.0000 0.0000 0.0000 0.0000 0.0000 1.0000 -0.0270 0.0918 0.0000 0.0000 0.0000 0.0000 
0.1971 -0.0932 -2.8536 0.0000 0.0000 0.0000 0.0000 0.0000 0.0000 0.8029 0.0932 0.0000 0.0000 0.0000 0.0000 
-0.0046 0.2810 0.3420 0.0000 0.0000 0.0000 0.0000 0.0000 0.0000 0.0046 0.7190 0.0000 0.0000 0.0000 0.0000 
-0.0004 0.0002 0.0054 0.0000 0.0000 0.0000 0.0000 0.0000 0.0000 0.0004 -0.0002 1.0000 0.0000 0.0000 0.0000 
0.0048 0.0119 -0.0555 0.0000 0.0000 0.0000 0.0000 0.0000 0.0000 -0.0048 -0.0119 0.0000 1.0000 0.0000 0.0000 
-0.0041 -0.0213 0.0368 0.0000 0.0000 0.0000 0.0000 0.0000 0.0000 0.0041 0.0213 0.0000 0.0000 1.0000 0.0000 
0.0047 0.0119 -0.0543 0.0000 0.0000 0.0000 0.0000 0.0000 0.0000 -0.0047 -0.0119 0.0000 0.0000 0.0000 1.0000 
Temp7:
0.0189 0.0014 0.0019 0.0030 -0.0015 -0.0011 -0.0016 0.0017 0.0013 -0.0035 0.0019 0.0011 0.0016 -0.0005 0.0016 
0.0014 0.0031 0.0002 0.0000 0.0013 -0.0008 0.0014 -0.0004 0.0018 -0.0011 0.0019 -0.0002 0.0009 -0.0003 0.0009 
0.0019 0.0002 0.0002 0.0002 -0.0002 -0.0004 -0.0002 -0.0000 0.0002 -0.0007 0.0003 0.0000 0.0002 -0.0002 0.0002 
0.0030 0.0000 0.0002 0.0027 -0.0002 0.0008 -0.0003 0.0012 -0.0001 0.0006 -0.0000 0.0008 0.0001 0.0006 0.0001 
-0.0015 0.0013 -0.0002 -0.0002 0.0031 0.0002 0.0011 -0.0001 0.0008 0.0005 0.0007 -0.0002 0.0002 0.0002 0.0002 
-0.0011 -0.0008 -0.0004 0.0008 0.0002 0.0068 0.0000 0.0014 -0.0008 0.0026 -0.0009 0.0007 -0.0012 0.0015 -0.0012 
-0.0016 0.0014 -0.0002 -0.0003 0.0011 0.0000 0.0033 -0.0003 0.0008 0.0002 0.0008 -0.0003 0.0003 0.0001 0.0003 
0.0017 -0.0004 -0.0000 0.0012 -0.0001 0.0014 -0.0003 0.0038 -0.0007 0.0014 -0.0004 0.0008 -0.0004 0.0009 -0.0004 
0.0013 0.0018 0.0002 -0.0001 0.0008 -0.0008 0.0008 -0.0007 0.0036 -0.0012 0.0014 -0.0002 0.0012 -0.0005 0.0011 
-0.0035 -0.0011 -0.0007 0.0006 0.0005 0.0026 0.0002 0.0014 -0.0012 0.0100 -0.0025 0.0006 -0.0017 0.0018 -0.0017 
0.0019 0.0019 0.0003 -0.0000 0.0007 -0.0009 0.0008 -0.0004 0.0014 -0.0025 0.0040 -0.0002 0.0012 -0.0006 0.0012 
0.0011 -0.0002 0.0000 0.0008 -0.0002 0.0007 -0.0003 0.0008 -0.0002 0.0006 -0.0002 0.0048 -0.0014 0.0006 -0.0001 
0.0016 0.0009 0.0002 0.0001 0.0002 -0.0012 0.0003 -0.0004 0.0012 -0.0017 0.0012 -0.0014 0.0075 -0.0014 0.0022 
-0.0005 -0.0003 -0.0002 0.0006 0.0002 0.0015 0.0001 0.0009 -0.0005 0.0018 -0.0006 0.0006 -0.0014 0.0099 -0.0054 
0.0016 0.0009 0.0002 0.0001 0.0002 -0.0012 0.0003 -0.0004 0.0011 -0.0017 0.0012 -0.0001 0.0022 -0.0054 0.0085 
Matriz P después de update:
0.018853 0.001444 0.001901 0.002997 -0.001453 -0.001100 -0.001629 0.001699 0.001332 -0.003485 0.001877 0.001059 0.001606 -0.000522 0.001636 
0.001444 0.003126 0.000224 0.000000 0.001328 -0.000759 0.001390 -0.000383 0.001766 -0.001096 0.001869 -0.000227 0.000915 -0.000253 0.000883 
0.001901 0.000224 0.000241 0.000156 -0.000185 -0.000379 -0.000157 -0.000043 0.000222 -0.000677 0.000291 0.000031 0.000245 -0.000172 0.000244 
0.002997 0.000000 0.000156 0.002700 -0.000170 0.000828 -0.000337 0.001164 -0.000055 0.000586 -0.000000 0.000834 0.000070 0.000562 0.000110 
-0.001453 0.001328 -0.000185 -0.000170 0.003136 0.000239 0.001114 -0.000064 0.000753 0.000473 0.000719 -0.000195 0.000239 0.000221 0.000218 
-0.001100 -0.000759 -0.000379 0.000828 0.000239 0.006772 0.000014 0.001353 -0.000823 0.002566 -0.000915 0.000681 -0.001236 0.001464 -0.001186 
-0.001629 0.001390 -0.000157 -0.000337 0.001114 0.000014 0.003339 -0.000276 0.000833 0.000219 0.000807 -0.000281 0.000306 0.000126 0.000281 
0.001699 -0.000383 -0.000043 0.001164 -0.000064 0.001353 -0.000276 0.003834 -0.000674 0.001401 -0.000409 0.000781 -0.000446 0.000895 -0.000401 
0.001332 0.001766 0.000222 -0.000055 0.000753 -0.000823 0.000833 -0.000674 0.003629 -0.001162 0.001366 -0.000215 0.001183 -0.000538 0.001149 
-0.003485 -0.001096 -0.000677 0.000586 0.000473 0.002566 0.000219 0.001401 -0.001162 0.009959 -0.002549 0.000616 -0.001749 0.001823 -0.001695 
0.001877 0.001869 0.000291 -0.000000 0.000719 -0.000915 0.000807 -0.000409 0.001366 -0.002549 0.003976 -0.000195 0.001229 -0.000556 0.001196 
0.001059 -0.000227 0.000031 0.000834 -0.000195 0.000681 -0.000281 0.000781 -0.000215 0.000616 -0.000195 0.004755 -0.001428 0.000617 -0.000106 
0.001606 0.000915 0.000245 0.000070 0.000239 -0.001236 0.000306 -0.000446 0.001183 -0.001749 0.001229 -0.001428 0.007525 -0.001406 0.002200 
-0.000522 -0.000253 -0.000172 0.000562 0.000221 0.001464 0.000126 0.000895 -0.000538 0.001823 -0.000556 0.000617 -0.001406 0.009878 -0.005361 
0.001636 0.000883 0.000244 0.000110 0.000218 -0.001186 0.000281 -0.000401 0.001149 -0.001695 0.001196 -0.000106 0.002200 -0.005361 0.008530 

--- Landmark 4 ---
Robot pos: (6.015119, -0.012107, -0.005185)
Landmark pos: (11.004001, 6.005451)
q = 61.099944, sqrt(q) = 7.816645
H matrix:
0.098487 -0.081651 -1.000000 0.000000 0.000000 0.000000 0.000000 0.000000 0.000000 0.000000 0.000000 -0.098487 0.081651 0.000000 0.000000 
-0.638238 -0.769839 0.000000 0.000000 0.000000 0.000000 0.000000 0.000000 0.000000 0.000000 0.000000 0.638238 0.769839 0.000000 0.000000 
numEntries: 15 - NUM_MEAS_TYPE: 2 
HT matrix:
0.098487 - Indice i 0 - Indice j 0 
-0.638238 - Indice i 0 - Indice j 1 

-0.081651 - Indice i 1 - Indice j 0 
-0.769839 - Indice i 1 - Indice j 1 

-1.000000 - Indice i 2 - Indice j 0 
0.000000 - Indice i 2 - Indice j 1 

0.000000 - Indice i 3 - Indice j 0 
0.000000 - Indice i 3 - Indice j 1 

0.000000 - Indice i 4 - Indice j 0 
0.000000 - Indice i 4 - Indice j 1 

0.000000 - Indice i 5 - Indice j 0 
0.000000 - Indice i 5 - Indice j 1 

0.000000 - Indice i 6 - Indice j 0 
0.000000 - Indice i 6 - Indice j 1 

0.000000 - Indice i 7 - Indice j 0 
0.000000 - Indice i 7 - Indice j 1 

0.000000 - Indice i 8 - Indice j 0 
0.000000 - Indice i 8 - Indice j 1 

0.000000 - Indice i 9 - Indice j 0 
0.000000 - Indice i 9 - Indice j 1 

0.000000 - Indice i 10 - Indice j 0 
0.000000 - Indice i 10 - Indice j 1 

-0.098487 - Indice i 11 - Indice j 0 
0.638238 - Indice i 11 - Indice j 1 

0.081651 - Indice i 12 - Indice j 0 
0.769839 - Indice i 12 - Indice j 1 

0.000000 - Indice i 13 - Indice j 0 
0.000000 - Indice i 13 - Indice j 1 

0.000000 - Indice i 14 - Indice j 0 
0.000000 - Indice i 14 - Indice j 1 

Expected (beta, range): (0.883774, 7.816645)
Measured (beta, range): (0.884400, 7.817300)

--- Diff vector ---
diff[0][0] = 0.000626
diff[1][0] = 0.000655
Temp1:
-0.0001 -0.0002 -0.0001 0.0001 -0.0000 0.0002 -0.0001 0.0001 -0.0001 0.0002 -0.0001 -0.0005 0.0006 -0.0000 0.0000 
-0.0112 -0.0028 -0.0012 -0.0013 -0.0000 0.0008 0.0000 -0.0006 -0.0014 0.0021 -0.0018 0.0014 0.0032 -0.0002 -0.0001 
Temp2:
0.0002 0.0004 
0.0004 0.0126 
Temp3:
0.0003 0.0004 
0.0004 0.0190 
Temp4:
4002.2062 -86.8029 
-86.8029 54.3952 
Temp5:
-0.0001 -0.0112 
-0.0002 -0.0028 
-0.0001 -0.0012 
0.0001 -0.0013 
-0.0000 -0.0000 
0.0002 0.0008 
-0.0001 0.0000 
0.0001 -0.0006 
-0.0001 -0.0014 
0.0002 0.0021 
-0.0001 -0.0018 
-0.0005 0.0014 
0.0006 0.0032 
-0.0000 -0.0002 
0.0000 -0.0001 

--- Kalman Gain ---
K[0][0] = 0.433273
K[0][1] = -0.599248
K[1][0] = -0.720183
K[1][1] = -0.129775
K[2][0] = -0.120180
K[2][1] = -0.059205
K[3][0] = 0.367711
K[3][1] = -0.077624
K[4][0] = -0.109463
K[4][1] = 0.000456
K[5][0] = 0.593310
K[5][1] = 0.027578
K[6][0] = -0.258672
K[6][1] = 0.007004
K[7][0] = 0.568002
K[7][1] = -0.045625
K[8][0] = -0.344749
K[8][1] = -0.067920
K[9][0] = 0.695082
K[9][1] = 0.095957
K[10][0] = -0.398376
K[10][1] = -0.086651
K[11][0] = -2.098180
K[11][1] = 0.120837
K[12][0] = 2.100159
K[12][1] = 0.119997
K[13][0] = -0.124454
K[13][1] = -0.005742
K[14][0] = 0.150727
K[14][1] = -0.008401

--- State Update ---
ΔX[0] = -0.000121
ΔX[1] = -0.000536
ΔX[2] = -0.000114
ΔX[3] = 0.000180
ΔX[4] = -0.000068
ΔX[5] = 0.000390
ΔX[6] = -0.000157
ΔX[7] = 0.000326
ΔX[8] = -0.000260
ΔX[9] = 0.000498
ΔX[10] = -0.000306
ΔX[11] = -0.001235
ΔX[12] = 0.001394
ΔX[13] = -0.000082
ΔX[14] = 0.000089
Temp6:
0.4251 0.4259 -0.4333 0.0000 0.0000 0.0000 0.0000 0.0000 0.0000 0.0000 0.0000 -0.4251 -0.4259 0.0000 0.0000 
0.0119 0.1587 0.7202 0.0000 0.0000 0.0000 0.0000 0.0000 0.0000 0.0000 0.0000 -0.0119 -0.1587 0.0000 0.0000 
0.0260 0.0554 0.1202 0.0000 0.0000 0.0000 0.0000 0.0000 0.0000 0.0000 0.0000 -0.0260 -0.0554 0.0000 0.0000 
0.0858 0.0297 -0.3677 0.0000 0.0000 0.0000 0.0000 0.0000 0.0000 0.0000 0.0000 -0.0858 -0.0297 0.0000 0.0000 
-0.0111 0.0086 0.1095 0.0000 0.0000 0.0000 0.0000 0.0000 0.0000 0.0000 0.0000 0.0111 -0.0086 0.0000 0.0000 
0.0408 -0.0697 -0.5933 0.0000 0.0000 0.0000 0.0000 0.0000 0.0000 0.0000 0.0000 -0.0408 0.0697 0.0000 0.0000 
-0.0299 0.0157 0.2587 0.0000 0.0000 0.0000 0.0000 0.0000 0.0000 0.0000 0.0000 0.0299 -0.0157 0.0000 0.0000 
0.0851 -0.0113 -0.5680 0.0000 0.0000 0.0000 0.0000 0.0000 0.0000 0.0000 0.0000 -0.0851 0.0113 0.0000 0.0000 
0.0094 0.0804 0.3447 0.0000 0.0000 0.0000 0.0000 0.0000 0.0000 0.0000 0.0000 -0.0094 -0.0804 0.0000 0.0000 
0.0072 -0.1306 -0.6951 0.0000 0.0000 0.0000 0.0000 0.0000 0.0000 0.0000 0.0000 -0.0072 0.1306 0.0000 0.0000 
0.0161 0.0992 0.3984 0.0000 0.0000 0.0000 0.0000 0.0000 0.0000 0.0000 0.0000 -0.0161 -0.0992 0.0000 0.0000 
-0.2838 0.0783 2.0982 0.0000 0.0000 0.0000 0.0000 0.0000 0.0000 0.0000 0.0000 0.2838 -0.0783 0.0000 0.0000 
0.1303 -0.2639 -2.1002 0.0000 0.0000 0.0000 0.0000 0.0000 0.0000 0.0000 0.0000 -0.1303 0.2639 0.0000 0.0000 
-0.0086 0.0146 0.1245 0.0000 0.0000 0.0000 0.0000 0.0000 0.0000 0.0000 0.0000 0.0086 -0.0146 0.0000 0.0000 
0.0202 -0.0058 -0.1507 0.0000 0.0000 0.0000 0.0000 0.0000 0.0000 0.0000 0.0000 -0.0202 0.0058 0.0000 0.0000 
CovUpdate:
0.5749 -0.4259 0.4333 0.0000 0.0000 0.0000 0.0000 0.0000 0.0000 0.0000 0.0000 0.4251 0.4259 0.0000 0.0000 
-0.0119 0.8413 -0.7202 0.0000 0.0000 0.0000 0.0000 0.0000 0.0000 0.0000 0.0000 0.0119 0.1587 0.0000 0.0000 
-0.0260 -0.0554 0.8798 0.0000 0.0000 0.0000 0.0000 0.0000 0.0000 0.0000 0.0000 0.0260 0.0554 0.0000 0.0000 
-0.0858 -0.0297 0.3677 1.0000 0.0000 0.0000 0.0000 0.0000 0.0000 0.0000 0.0000 0.0858 0.0297 0.0000 0.0000 
0.0111 -0.0086 -0.1095 0.0000 1.0000 0.0000 0.0000 0.0000 0.0000 0.0000 0.0000 -0.0111 0.0086 0.0000 0.0000 
-0.0408 0.0697 0.5933 0.0000 0.0000 1.0000 0.0000 0.0000 0.0000 0.0000 0.0000 0.0408 -0.0697 0.0000 0.0000 
0.0299 -0.0157 -0.2587 0.0000 0.0000 0.0000 1.0000 0.0000 0.0000 0.0000 0.0000 -0.0299 0.0157 0.0000 0.0000 
-0.0851 0.0113 0.5680 0.0000 0.0000 0.0000 0.0000 1.0000 0.0000 0.0000 0.0000 0.0851 -0.0113 0.0000 0.0000 
-0.0094 -0.0804 -0.3447 0.0000 0.0000 0.0000 0.0000 0.0000 1.0000 0.0000 0.0000 0.0094 0.0804 0.0000 0.0000 
-0.0072 0.1306 0.6951 0.0000 0.0000 0.0000 0.0000 0.0000 0.0000 1.0000 0.0000 0.0072 -0.1306 0.0000 0.0000 
-0.0161 -0.0992 -0.3984 0.0000 0.0000 0.0000 0.0000 0.0000 0.0000 0.0000 1.0000 0.0161 0.0992 0.0000 0.0000 
0.2838 -0.0783 -2.0982 0.0000 0.0000 0.0000 0.0000 0.0000 0.0000 0.0000 0.0000 0.7162 0.0783 0.0000 0.0000 
-0.1303 0.2639 2.1002 0.0000 0.0000 0.0000 0.0000 0.0000 0.0000 0.0000 0.0000 0.1303 0.7361 0.0000 0.0000 
0.0086 -0.0146 -0.1245 0.0000 0.0000 0.0000 0.0000 0.0000 0.0000 0.0000 0.0000 -0.0086 0.0146 1.0000 0.0000 
-0.0202 0.0058 0.1507 0.0000 0.0000 0.0000 0.0000 0.0000 0.0000 0.0000 0.0000 0.0202 -0.0058 0.0000 1.0000 
Temp7:
0.0122 -0.0001 0.0012 0.0022 -0.0015 -0.0007 -0.0016 0.0013 0.0005 -0.0023 0.0009 0.0021 0.0032 -0.0006 0.0016 
-0.0001 0.0026 0.0000 -0.0001 0.0013 -0.0005 0.0013 -0.0004 0.0015 -0.0007 0.0015 -0.0004 0.0018 -0.0003 0.0009 
0.0012 0.0000 0.0002 0.0001 -0.0002 -0.0003 -0.0002 -0.0001 0.0001 -0.0005 0.0002 0.0001 0.0005 -0.0002 0.0002 
0.0022 -0.0001 0.0001 0.0026 -0.0002 0.0008 -0.0003 0.0011 -0.0001 0.0007 -0.0001 0.0011 0.0001 0.0006 0.0001 
-0.0015 0.0013 -0.0002 -0.0002 0.0031 0.0003 0.0011 -0.0001 0.0007 0.0005 0.0007 -0.0002 0.0003 0.0002 0.0002 
-0.0007 -0.0005 -0.0003 0.0008 0.0003 0.0067 0.0001 0.0013 -0.0007 0.0024 -0.0008 0.0009 -0.0017 0.0015 -0.0012 
-0.0016 0.0013 -0.0002 -0.0003 0.0011 0.0001 0.0033 -0.0002 0.0008 0.0003 0.0008 -0.0004 0.0004 0.0001 0.0003 
0.0013 -0.0004 -0.0001 0.0011 -0.0001 0.0013 -0.0002 0.0037 -0.0007 0.0014 -0.0004 0.0011 -0.0006 0.0009 -0.0004 
0.0005 0.0015 0.0001 -0.0001 0.0007 -0.0007 0.0008 -0.0007 0.0035 -0.0009 0.0012 -0.0003 0.0016 -0.0006 0.0012 
-0.0023 -0.0007 -0.0005 0.0007 0.0005 0.0024 0.0003 0.0014 -0.0009 0.0096 -0.0023 0.0008 -0.0025 0.0019 -0.0017 
0.0009 0.0015 0.0002 -0.0001 0.0007 -0.0008 0.0008 -0.0004 0.0012 -0.0023 0.0038 -0.0003 0.0017 -0.0006 0.0012 
0.0021 -0.0004 0.0001 0.0011 -0.0002 0.0009 -0.0004 0.0011 -0.0003 0.0008 -0.0003 0.0035 -0.0006 0.0006 -0.0000 
0.0032 0.0018 0.0005 0.0001 0.0003 -0.0017 0.0004 -0.0006 0.0016 -0.0025 0.0017 -0.0006 0.0059 -0.0013 0.0021 
-0.0006 -0.0003 -0.0002 0.0006 0.0002 0.0015 0.0001 0.0009 -0.0006 0.0019 -0.0006 0.0006 -0.0013 0.0099 -0.0054 
0.0016 0.0009 0.0002 0.0001 0.0002 -0.0012 0.0003 -0.0004 0.0012 -0.0017 0.0012 -0.0000 0.0021 -0.0054 0.0085 
Matriz P después de update:
0.012181 -0.000111 0.001220 0.002175 -0.001462 -0.000710 -0.001586 0.001264 0.000522 -0.002313 0.000850 0.002132 0.003238 -0.000604 0.001562 
-0.000111 0.002594 0.000031 -0.000127 0.001303 -0.000540 0.001347 -0.000373 0.001495 -0.000663 0.001533 -0.000396 0.001751 -0.000299 0.000896 
0.001220 0.000031 0.000165 0.000085 -0.000190 -0.000314 -0.000163 -0.000065 0.000123 -0.000525 0.000167 0.000057 0.000503 -0.000185 0.000242 
0.002175 -0.000127 0.000085 0.002574 -0.000162 0.000827 -0.000311 0.001068 -0.000123 0.000670 -0.000090 0.001127 0.000097 0.000562 0.000089 
-0.001462 0.001303 -0.000190 -0.000162 0.003133 0.000257 0.001107 -0.000050 0.000741 0.000496 0.000705 -0.000250 0.000302 0.000217 0.000222 
-0.000710 -0.000540 -0.000314 0.000827 0.000257 0.006653 0.000051 0.001294 -0.000714 0.002378 -0.000782 0.000935 -0.001675 0.001489 -0.001204 
-0.001586 0.001347 -0.000163 -0.000311 0.001107 0.000051 0.003322 -0.000238 0.000813 0.000261 0.000783 -0.000418 0.000438 0.000118 0.000291 
0.001264 -0.000373 -0.000065 0.001068 -0.000050 0.001294 -0.000238 0.003732 -0.000673 0.001373 -0.000413 0.001127 -0.000639 0.000907 -0.000426 
0.000522 0.001495 0.000123 -0.000123 0.000741 -0.000714 0.000813 -0.000673 0.003491 -0.000943 0.001194 -0.000287 0.001601 -0.000560 0.001154 
-0.002313 -0.000663 -0.000525 0.000670 0.000496 0.002378 0.000261 0.001373 -0.000943 0.009603 -0.002279 0.000821 -0.002464 0.001863 -0.001711 
0.000850 0.001533 0.000167 -0.000090 0.000705 -0.000782 0.000783 -0.000413 0.001194 -0.002279 0.003764 -0.000267 0.001739 -0.000584 0.001201 
0.002132 -0.000396 0.000057 0.001127 -0.000250 0.000935 -0.000418 0.001127 -0.000287 0.000821 -0.000267 0.003547 -0.000564 0.000564 -0.000020 
0.003238 0.001751 0.000503 0.000097 0.000302 -0.001675 0.000438 -0.000639 0.001601 -0.002464 0.001739 -0.000564 0.005901 -0.001314 0.002138 
-0.000604 -0.000299 -0.000185 0.000562 0.000217 0.001489 0.000118 0.000907 -0.000560 0.001863 -0.000584 0.000564 -0.001314 0.009873 -0.005357 
0.001562 0.000896 0.000242 0.000089 0.000222 -0.001204 0.000291 -0.000426 0.001154 -0.001711 0.001201 -0.000020 0.002138 -0.005357 0.008524 

--- Landmark 5 ---
Robot pos: (6.014998, -0.012643, -0.005299)
Landmark pos: (11.001286, 12.001214)
q = 169.195806, sqrt(q) = 13.007529
H matrix:
0.071006 -0.029471 -1.000000 0.000000 0.000000 0.000000 0.000000 0.000000 0.000000 0.000000 0.000000 0.000000 0.000000 -0.071006 0.029471 
-0.383339 -0.923608 0.000000 0.000000 0.000000 0.000000 0.000000 0.000000 0.000000 0.000000 0.000000 0.000000 0.000000 0.383339 0.923608 
numEntries: 15 - NUM_MEAS_TYPE: 2 
HT matrix:
0.071006 - Indice i 0 - Indice j 0 
-0.383339 - Indice i 0 - Indice j 1 

-0.029471 - Indice i 1 - Indice j 0 
-0.923608 - Indice i 1 - Indice j 1 

-1.000000 - Indice i 2 - Indice j 0 
0.000000 - Indice i 2 - Indice j 1 

0.000000 - Indice i 3 - Indice j 0 
0.000000 - Indice i 3 - Indice j 1 

0.000000 - Indice i 4 - Indice j 0 
0.000000 - Indice i 4 - Indice j 1 

0.000000 - Indice i 5 - Indice j 0 
0.000000 - Indice i 5 - Indice j 1 

0.000000 - Indice i 6 - Indice j 0 
0.000000 - Indice i 6 - Indice j 1 

0.000000 - Indice i 7 - Indice j 0 
0.000000 - Indice i 7 - Indice j 1 

0.000000 - Indice i 8 - Indice j 0 
0.000000 - Indice i 8 - Indice j 1 

0.000000 - Indice i 9 - Indice j 0 
0.000000 - Indice i 9 - Indice j 1 

0.000000 - Indice i 10 - Indice j 0 
0.000000 - Indice i 10 - Indice j 1 

0.000000 - Indice i 11 - Indice j 0 
0.000000 - Indice i 11 - Indice j 1 

0.000000 - Indice i 12 - Indice j 0 
0.000000 - Indice i 12 - Indice j 1 

-0.071006 - Indice i 13 - Indice j 0 
0.383339 - Indice i 13 - Indice j 1 

0.029471 - Indice i 14 - Indice j 0 
0.923608 - Indice i 14 - Indice j 1 

Expected (beta, range): (1.182687, 13.007529)
Measured (beta, range): (1.183000, 13.013200)

--- Diff vector ---
diff[0][0] = 0.000313
diff[1][0] = 0.005671
Temp1:
-0.0003 -0.0001 -0.0001 0.0000 0.0000 0.0001 0.0000 0.0001 -0.0001 0.0002 -0.0001 0.0001 -0.0002 -0.0007 0.0005 
-0.0034 -0.0016 -0.0003 -0.0004 -0.0004 0.0002 -0.0003 -0.0002 -0.0007 0.0006 -0.0009 -0.0003 -0.0014 -0.0007 0.0044 
Temp2:
0.0001 0.0003 
0.0003 0.0066 
Temp3:
0.0002 0.0003 
0.0003 0.0130 
Temp4:
5042.9981 -127.9748 
-127.9748 80.1306 
Temp5:
-0.0003 -0.0034 
-0.0001 -0.0016 
-0.0001 -0.0003 
0.0000 -0.0004 
0.0000 -0.0004 
0.0001 0.0002 
0.0000 -0.0003 
0.0001 -0.0002 
-0.0001 -0.0007 
0.0002 0.0006 
-0.0001 -0.0009 
0.0001 -0.0003 
-0.0002 -0.0014 
-0.0007 -0.0007 
0.0005 0.0044 

--- Kalman Gain ---
K[0][0] = -0.895647
K[0][1] = -0.235225
K[1][0] = -0.132935
K[1][1] = -0.122738
K[2][0] = -0.254121
K[2][1] = -0.019994
K[3][0] = 0.236101
K[3][1] = -0.038200
K[4][0] = 0.242596
K[4][1] = -0.033430
K[5][0] = 0.667684
K[5][1] = 0.000719
K[6][0] = 0.098010
K[6][1] = -0.027302
K[7][0] = 0.471483
K[7][1] = -0.026236
K[8][0] = -0.189197
K[8][1] = -0.051288
K[9][0] = 0.916732
K[9][1] = 0.025410
K[10][0] = -0.266641
K[10][1] = -0.059049
K[11][0] = 0.363887
K[11][1] = -0.028732
K[12][0] = -0.673158
K[12][1] = -0.089652
K[13][0] = -3.483976
K[13][1] = 0.037987
K[14][0] = 1.828119
K[14][1] = 0.291324

--- State Update ---
ΔX[0] = -0.001614
ΔX[1] = -0.000738
ΔX[2] = -0.000193
ΔX[3] = -0.000143
ΔX[4] = -0.000114
ΔX[5] = 0.000213
ΔX[6] = -0.000124
ΔX[7] = -0.000001
ΔX[8] = -0.000350
ΔX[9] = 0.000431
ΔX[10] = -0.000418
ΔX[11] = -0.000049
ΔX[12] = -0.000719
ΔX[13] = -0.000875
ΔX[14] = 0.002224
Temp6:
0.0266 0.2437 0.8956 0.0000 0.0000 0.0000 0.0000 0.0000 0.0000 0.0000 0.0000 0.0000 0.0000 -0.0266 -0.2437 
0.0376 0.1173 0.1329 0.0000 0.0000 0.0000 0.0000 0.0000 0.0000 0.0000 0.0000 0.0000 0.0000 -0.0376 -0.1173 
-0.0104 0.0260 0.2541 0.0000 0.0000 0.0000 0.0000 0.0000 0.0000 0.0000 0.0000 0.0000 0.0000 0.0104 -0.0260 
0.0314 0.0283 -0.2361 0.0000 0.0000 0.0000 0.0000 0.0000 0.0000 0.0000 0.0000 0.0000 0.0000 -0.0314 -0.0283 
0.0300 0.0237 -0.2426 0.0000 0.0000 0.0000 0.0000 0.0000 0.0000 0.0000 0.0000 0.0000 0.0000 -0.0300 -0.0237 
0.0471 -0.0203 -0.6677 0.0000 0.0000 0.0000 0.0000 0.0000 0.0000 0.0000 0.0000 0.0000 0.0000 -0.0471 0.0203 
0.0174 0.0223 -0.0980 0.0000 0.0000 0.0000 0.0000 0.0000 0.0000 0.0000 0.0000 0.0000 0.0000 -0.0174 -0.0223 
0.0435 0.0103 -0.4715 0.0000 0.0000 0.0000 0.0000 0.0000 0.0000 0.0000 0.0000 0.0000 0.0000 -0.0435 -0.0103 
0.0062 0.0529 0.1892 0.0000 0.0000 0.0000 0.0000 0.0000 0.0000 0.0000 0.0000 0.0000 0.0000 -0.0062 -0.0529 
0.0554 -0.0505 -0.9167 0.0000 0.0000 0.0000 0.0000 0.0000 0.0000 0.0000 0.0000 0.0000 0.0000 -0.0554 0.0505 
0.0037 0.0624 0.2666 0.0000 0.0000 0.0000 0.0000 0.0000 0.0000 0.0000 0.0000 0.0000 0.0000 -0.0037 -0.0624 
0.0369 0.0158 -0.3639 0.0000 0.0000 0.0000 0.0000 0.0000 0.0000 0.0000 0.0000 0.0000 0.0000 -0.0369 -0.0158 
-0.0134 0.1026 0.6732 0.0000 0.0000 0.0000 0.0000 0.0000 0.0000 0.0000 0.0000 0.0000 0.0000 0.0134 -0.1026 
-0.2619 0.0676 3.4840 0.0000 0.0000 0.0000 0.0000 0.0000 0.0000 0.0000 0.0000 0.0000 0.0000 0.2619 -0.0676 
0.0181 -0.3229 -1.8281 0.0000 0.0000 0.0000 0.0000 0.0000 0.0000 0.0000 0.0000 0.0000 0.0000 -0.0181 0.3229 
CovUpdate:
0.9734 -0.2437 -0.8956 0.0000 0.0000 0.0000 0.0000 0.0000 0.0000 0.0000 0.0000 0.0000 0.0000 0.0266 0.2437 
-0.0376 0.8827 -0.1329 0.0000 0.0000 0.0000 0.0000 0.0000 0.0000 0.0000 0.0000 0.0000 0.0000 0.0376 0.1173 
0.0104 -0.0260 0.7459 0.0000 0.0000 0.0000 0.0000 0.0000 0.0000 0.0000 0.0000 0.0000 0.0000 -0.0104 0.0260 
-0.0314 -0.0283 0.2361 1.0000 0.0000 0.0000 0.0000 0.0000 0.0000 0.0000 0.0000 0.0000 0.0000 0.0314 0.0283 
-0.0300 -0.0237 0.2426 0.0000 1.0000 0.0000 0.0000 0.0000 0.0000 0.0000 0.0000 0.0000 0.0000 0.0300 0.0237 
-0.0471 0.0203 0.6677 0.0000 0.0000 1.0000 0.0000 0.0000 0.0000 0.0000 0.0000 0.0000 0.0000 0.0471 -0.0203 
-0.0174 -0.0223 0.0980 0.0000 0.0000 0.0000 1.0000 0.0000 0.0000 0.0000 0.0000 0.0000 0.0000 0.0174 0.0223 
-0.0435 -0.0103 0.4715 0.0000 0.0000 0.0000 0.0000 1.0000 0.0000 0.0000 0.0000 0.0000 0.0000 0.0435 0.0103 
-0.0062 -0.0529 -0.1892 0.0000 0.0000 0.0000 0.0000 0.0000 1.0000 0.0000 0.0000 0.0000 0.0000 0.0062 0.0529 
-0.0554 0.0505 0.9167 0.0000 0.0000 0.0000 0.0000 0.0000 0.0000 1.0000 0.0000 0.0000 0.0000 0.0554 -0.0505 
-0.0037 -0.0624 -0.2666 0.0000 0.0000 0.0000 0.0000 0.0000 0.0000 0.0000 1.0000 0.0000 0.0000 0.0037 0.0624 
-0.0369 -0.0158 0.3639 0.0000 0.0000 0.0000 0.0000 0.0000 0.0000 0.0000 0.0000 1.0000 0.0000 0.0369 0.0158 
0.0134 -0.1026 -0.6732 0.0000 0.0000 0.0000 0.0000 0.0000 0.0000 0.0000 0.0000 0.0000 1.0000 -0.0134 0.1026 
0.2619 -0.0676 -3.4840 0.0000 0.0000 0.0000 0.0000 0.0000 0.0000 0.0000 0.0000 0.0000 0.0000 0.7381 0.0676 
-0.0181 0.3229 1.8281 0.0000 0.0000 0.0000 0.0000 0.0000 0.0000 0.0000 0.0000 0.0000 0.0000 0.0181 0.6771 
Temp7:
0.0112 -0.0006 0.0011 0.0021 -0.0015 -0.0005 -0.0017 0.0013 0.0003 -0.0020 0.0006 0.0021 0.0028 -0.0014 0.0030 
-0.0006 0.0024 -0.0000 -0.0002 0.0013 -0.0005 0.0013 -0.0004 0.0014 -0.0006 0.0014 -0.0004 0.0016 -0.0005 0.0015 
0.0011 -0.0000 0.0001 0.0001 -0.0002 -0.0003 -0.0002 -0.0000 0.0001 -0.0005 0.0001 0.0001 0.0004 -0.0004 0.0005 
0.0021 -0.0002 0.0001 0.0025 -0.0002 0.0008 -0.0003 0.0010 -0.0001 0.0006 -0.0001 0.0011 0.0001 0.0007 0.0001 
-0.0015 0.0013 -0.0002 -0.0002 0.0031 0.0002 0.0011 -0.0001 0.0007 0.0005 0.0007 -0.0003 0.0003 0.0004 0.0003 
-0.0005 -0.0005 -0.0003 0.0008 0.0002 0.0066 0.0000 0.0012 -0.0007 0.0022 -0.0007 0.0009 -0.0016 0.0020 -0.0015 
-0.0017 0.0013 -0.0002 -0.0003 0.0011 0.0000 0.0033 -0.0003 0.0008 0.0003 0.0008 -0.0004 0.0004 0.0002 0.0004 
0.0013 -0.0004 -0.0000 0.0010 -0.0001 0.0012 -0.0003 0.0037 -0.0007 0.0013 -0.0004 0.0011 -0.0006 0.0012 -0.0005 
0.0003 0.0014 0.0001 -0.0001 0.0007 -0.0007 0.0008 -0.0007 0.0034 -0.0009 0.0011 -0.0003 0.0015 -0.0007 0.0015 
-0.0020 -0.0006 -0.0005 0.0006 0.0005 0.0022 0.0003 0.0013 -0.0009 0.0094 -0.0022 0.0008 -0.0023 0.0025 -0.0023 
0.0006 0.0014 0.0001 -0.0001 0.0007 -0.0007 0.0008 -0.0004 0.0011 -0.0022 0.0037 -0.0003 0.0016 -0.0008 0.0016 
0.0021 -0.0004 0.0001 0.0011 -0.0003 0.0009 -0.0004 0.0011 -0.0003 0.0008 -0.0003 0.0035 -0.0005 0.0008 -0.0001 
0.0028 0.0016 0.0004 0.0001 0.0003 -0.0016 0.0004 -0.0006 0.0015 -0.0023 0.0016 -0.0005 0.0057 -0.0018 0.0029 
-0.0014 -0.0005 -0.0004 0.0007 0.0004 0.0020 0.0002 0.0012 -0.0007 0.0025 -0.0008 0.0008 -0.0018 0.0074 -0.0039 
0.0030 0.0015 0.0005 0.0001 0.0003 -0.0015 0.0004 -0.0005 0.0015 -0.0023 0.0016 -0.0001 0.0029 -0.0039 0.0064 
Matriz P después de update:
0.011156 -0.000558 0.001086 0.002109 -0.001511 -0.000532 -0.001651 0.001300 0.000300 -0.001987 0.000582 0.002131 0.002761 -0.001392 0.003020 
-0.000558 0.002384 -0.000019 -0.000173 0.001265 -0.000494 0.001309 -0.000384 0.001398 -0.000559 0.001418 -0.000418 0.001558 -0.000473 0.001498 
0.001086 -0.000019 0.000143 0.000085 -0.000187 -0.000274 -0.000167 -0.000046 0.000094 -0.000462 0.000131 0.000068 0.000433 -0.000378 0.000450 
0.002109 -0.000173 0.000085 0.002549 -0.000185 0.000803 -0.000326 0.001040 -0.000138 0.000647 -0.000105 0.001102 0.000084 0.000704 0.000145 
-0.001511 0.001265 -0.000187 -0.000185 0.003111 0.000231 0.001093 -0.000078 0.000730 0.000469 0.000694 -0.000274 0.000297 0.000367 0.000254 
-0.000532 -0.000494 -0.000274 0.000803 0.000231 0.006561 0.000044 0.001235 -0.000676 0.002245 -0.000732 0.000891 -0.001561 0.001962 -0.001524 
-0.001651 0.001309 -0.000167 -0.000326 0.001093 0.000044 0.003312 -0.000252 0.000799 0.000259 0.000767 -0.000431 0.000416 0.000170 0.000364 
0.001300 -0.000384 -0.000046 0.001040 -0.000078 0.001235 -0.000252 0.003686 -0.000666 0.001296 -0.000400 0.001089 -0.000596 0.001224 -0.000534 
0.000300 0.001398 0.000094 -0.000138 0.000730 -0.000676 0.000799 -0.000666 0.003443 -0.000873 0.001136 -0.000288 0.001498 -0.000728 0.001469 
-0.001987 -0.000559 -0.000462 0.000647 0.000469 0.002245 0.000259 0.001296 -0.000873 0.009406 -0.002188 0.000768 -0.002274 0.002528 -0.002257 
0.000582 0.001418 0.000131 -0.000105 0.000694 -0.000732 0.000767 -0.000400 0.001136 -0.002188 0.003693 -0.000264 0.001612 -0.000811 0.001587 
0.002131 -0.000418 0.000068 0.001102 -0.000274 0.000891 -0.000431 0.001089 -0.000288 0.000768 -0.000264 0.003516 -0.000543 0.000802 -0.000066 
0.002761 0.001558 0.000433 0.000084 0.000297 -0.001561 0.000416 -0.000596 0.001498 -0.002274 0.001612 -0.000543 0.005663 -0.001849 0.002850 
-0.001392 -0.000473 -0.000378 0.000704 0.000367 0.001962 0.000170 0.001224 -0.000728 0.002528 -0.000811 0.000802 -0.001849 0.007433 -0.003872 
0.003020 0.001498 0.000450 0.000145 0.000254 -0.001524 0.000364 -0.000534 0.001469 -0.002257 0.001587 -0.000066 0.002850 -0.003872 0.006377 
Size = 2 
Size = 12 

--- UPDATE ---

--- Landmark 0 ---
Robot pos: (9.013339, -0.029856, -0.005492)
Landmark pos: (2.999584, 5.998988)
q = 72.512214, sqrt(q) = 8.515410
H matrix:
0.083142 0.082934 -1.000000 -0.083142 -0.082934 0.000000 0.000000 0.000000 0.000000 0.000000 0.000000 0.000000 0.000000 0.000000 0.000000 
0.706220 -0.707992 0.000000 -0.706220 0.707992 0.000000 0.000000 0.000000 0.000000 0.000000 0.000000 0.000000 0.000000 0.000000 0.000000 
numEntries: 15 - NUM_MEAS_TYPE: 2 
HT matrix:
0.083142 - Indice i 0 - Indice j 0 
0.706220 - Indice i 0 - Indice j 1 

0.082934 - Indice i 1 - Indice j 0 
-0.707992 - Indice i 1 - Indice j 1 

-1.000000 - Indice i 2 - Indice j 0 
0.000000 - Indice i 2 - Indice j 1 

-0.083142 - Indice i 3 - Indice j 0 
-0.706220 - Indice i 3 - Indice j 1 

-0.082934 - Indice i 4 - Indice j 0 
0.707992 - Indice i 4 - Indice j 1 

0.000000 - Indice i 5 - Indice j 0 
0.000000 - Indice i 5 - Indice j 1 

0.000000 - Indice i 6 - Indice j 0 
0.000000 - Indice i 6 - Indice j 1 

0.000000 - Indice i 7 - Indice j 0 
0.000000 - Indice i 7 - Indice j 1 

0.000000 - Indice i 8 - Indice j 0 
0.000000 - Indice i 8 - Indice j 1 

0.000000 - Indice i 9 - Indice j 0 
0.000000 - Indice i 9 - Indice j 1 

0.000000 - Indice i 10 - Indice j 0 
0.000000 - Indice i 10 - Indice j 1 

0.000000 - Indice i 11 - Indice j 0 
0.000000 - Indice i 11 - Indice j 1 

0.000000 - Indice i 12 - Indice j 0 
0.000000 - Indice i 12 - Indice j 1 

0.000000 - Indice i 13 - Indice j 0 
0.000000 - Indice i 13 - Indice j 1 

0.000000 - Indice i 14 - Indice j 0 
0.000000 - Indice i 14 - Indice j 1 

Expected (beta, range): (2.360433, 8.515410)
Measured (beta, range): (2.358500, 8.537400)

--- Diff vector ---
diff[0][0] = -0.001933
diff[1][0] = 0.021990
Temp1:
0.0052 0.0008 -0.0100 -0.0001 -0.0001 0.0001 0.0001 0.0000 -0.0000 0.0002 -0.0000 0.0000 -0.0001 0.0001 -0.0001 
0.0478 -0.0069 0.0003 -0.0003 0.0004 -0.0004 -0.0011 0.0004 -0.0002 -0.0011 -0.0000 0.0008 0.0010 -0.0009 0.0011 
Temp2:
0.0105 0.0031 
0.0031 0.0391 
Temp3:
0.0106 0.0031 
0.0031 0.0455 
Temp4:
96.0299 -6.5705 
-6.5705 22.4311 
Temp5:
0.0052 0.0478 
0.0008 -0.0069 
-0.0100 0.0003 
-0.0001 -0.0003 
-0.0001 0.0004 
0.0001 -0.0004 
0.0001 -0.0011 
0.0000 0.0004 
-0.0000 -0.0002 
0.0002 -0.0011 
-0.0000 -0.0000 
0.0000 0.0008 
-0.0001 0.0010 
0.0001 -0.0009 
-0.0001 0.0011 

--- Kalman Gain ---
K[0][0] = 0.184424
K[0][1] = 1.037453
K[1][0] = 0.124343
K[1][1] = -0.159635
K[2][0] = -0.963151
K[2][1] = 0.072159
K[3][0] = -0.009534
K[3][1] = -0.006377
K[4][0] = -0.009734
K[4][1] = 0.008823
K[5][0] = 0.012727
K[5][1] = -0.010321
K[6][0] = 0.014327
K[6][1] = -0.024919
K[7][0] = 0.001440
K[7][1] = 0.008704
K[8][0] = 0.000854
K[8][1] = -0.003643
K[9][0] = 0.022610
K[9][1] = -0.026432
K[10][0] = -0.001108
K[10][1] = -0.000518
K[11][0] = -0.004936
K[11][1] = 0.018558
K[12][0] = -0.016684
K[12][1] = 0.023061
K[13][0] = 0.018727
K[13][1] = -0.020741
K[14][0] = -0.017946
K[14][1] = 0.026504

--- State Update ---
ΔX[0] = 0.022457
ΔX[1] = -0.003751
ΔX[2] = 0.003449
ΔX[3] = -0.000122
ΔX[4] = 0.000213
ΔX[5] = -0.000252
ΔX[6] = -0.000576
ΔX[7] = 0.000189
ΔX[8] = -0.000082
ΔX[9] = -0.000625
ΔX[10] = -0.000009
ΔX[11] = 0.000418
ΔX[12] = 0.000539
ΔX[13] = -0.000492
ΔX[14] = 0.000618
Temp6:
0.7480 -0.7192 -0.1844 -0.7480 0.7192 0.0000 0.0000 0.0000 0.0000 0.0000 0.0000 0.0000 0.0000 0.0000 0.0000 
-0.1024 0.1233 -0.1243 0.1024 -0.1233 0.0000 0.0000 0.0000 0.0000 0.0000 0.0000 0.0000 0.0000 0.0000 0.0000 
-0.0291 -0.1310 0.9632 0.0291 0.1310 0.0000 0.0000 0.0000 0.0000 0.0000 0.0000 0.0000 0.0000 0.0000 0.0000 
-0.0053 0.0037 0.0095 0.0053 -0.0037 0.0000 0.0000 0.0000 0.0000 0.0000 0.0000 0.0000 0.0000 0.0000 0.0000 
0.0054 -0.0071 0.0097 -0.0054 0.0071 0.0000 0.0000 0.0000 0.0000 0.0000 0.0000 0.0000 0.0000 0.0000 0.0000 
-0.0062 0.0084 -0.0127 0.0062 -0.0084 0.0000 0.0000 0.0000 0.0000 0.0000 0.0000 0.0000 0.0000 0.0000 0.0000 
-0.0164 0.0188 -0.0143 0.0164 -0.0188 0.0000 0.0000 0.0000 0.0000 0.0000 0.0000 0.0000 0.0000 0.0000 0.0000 
0.0063 -0.0060 -0.0014 -0.0063 0.0060 0.0000 0.0000 0.0000 0.0000 0.0000 0.0000 0.0000 0.0000 0.0000 0.0000 
-0.0025 0.0026 -0.0009 0.0025 -0.0026 0.0000 0.0000 0.0000 0.0000 0.0000 0.0000 0.0000 0.0000 0.0000 0.0000 
-0.0168 0.0206 -0.0226 0.0168 -0.0206 0.0000 0.0000 0.0000 0.0000 0.0000 0.0000 0.0000 0.0000 0.0000 0.0000 
-0.0005 0.0003 0.0011 0.0005 -0.0003 0.0000 0.0000 0.0000 0.0000 0.0000 0.0000 0.0000 0.0000 0.0000 0.0000 
0.0127 -0.0135 0.0049 -0.0127 0.0135 0.0000 0.0000 0.0000 0.0000 0.0000 0.0000 0.0000 0.0000 0.0000 0.0000 
0.0149 -0.0177 0.0167 -0.0149 0.0177 0.0000 0.0000 0.0000 0.0000 0.0000 0.0000 0.0000 0.0000 0.0000 0.0000 
-0.0131 0.0162 -0.0187 0.0131 -0.0162 0.0000 0.0000 0.0000 0.0000 0.0000 0.0000 0.0000 0.0000 0.0000 0.0000 
0.0172 -0.0203 0.0179 -0.0172 0.0203 0.0000 0.0000 0.0000 0.0000 0.0000 0.0000 0.0000 0.0000 0.0000 0.0000 
CovUpdate:
0.2520 0.7192 0.1844 0.7480 -0.7192 0.0000 0.0000 0.0000 0.0000 0.0000 0.0000 0.0000 0.0000 0.0000 0.0000 
0.1024 0.8767 0.1243 -0.1024 0.1233 0.0000 0.0000 0.0000 0.0000 0.0000 0.0000 0.0000 0.0000 0.0000 0.0000 
0.0291 0.1310 0.0368 -0.0291 -0.1310 0.0000 0.0000 0.0000 0.0000 0.0000 0.0000 0.0000 0.0000 0.0000 0.0000 
0.0053 -0.0037 -0.0095 0.9947 0.0037 0.0000 0.0000 0.0000 0.0000 0.0000 0.0000 0.0000 0.0000 0.0000 0.0000 
-0.0054 0.0071 -0.0097 0.0054 0.9929 0.0000 0.0000 0.0000 0.0000 0.0000 0.0000 0.0000 0.0000 0.0000 0.0000 
0.0062 -0.0084 0.0127 -0.0062 0.0084 1.0000 0.0000 0.0000 0.0000 0.0000 0.0000 0.0000 0.0000 0.0000 0.0000 
0.0164 -0.0188 0.0143 -0.0164 0.0188 0.0000 1.0000 0.0000 0.0000 0.0000 0.0000 0.0000 0.0000 0.0000 0.0000 
-0.0063 0.0060 0.0014 0.0063 -0.0060 0.0000 0.0000 1.0000 0.0000 0.0000 0.0000 0.0000 0.0000 0.0000 0.0000 
0.0025 -0.0026 0.0009 -0.0025 0.0026 0.0000 0.0000 0.0000 1.0000 0.0000 0.0000 0.0000 0.0000 0.0000 0.0000 
0.0168 -0.0206 0.0226 -0.0168 0.0206 0.0000 0.0000 0.0000 0.0000 1.0000 0.0000 0.0000 0.0000 0.0000 0.0000 
0.0005 -0.0003 -0.0011 -0.0005 0.0003 0.0000 0.0000 0.0000 0.0000 0.0000 1.0000 0.0000 0.0000 0.0000 0.0000 
-0.0127 0.0135 -0.0049 0.0127 -0.0135 0.0000 0.0000 0.0000 0.0000 0.0000 0.0000 1.0000 0.0000 0.0000 0.0000 
-0.0149 0.0177 -0.0167 0.0149 -0.0177 0.0000 0.0000 0.0000 0.0000 0.0000 0.0000 0.0000 1.0000 0.0000 0.0000 
0.0131 -0.0162 0.0187 -0.0131 0.0162 0.0000 0.0000 0.0000 0.0000 0.0000 0.0000 0.0000 0.0000 1.0000 0.0000 
-0.0172 0.0203 -0.0179 0.0172 -0.0203 0.0000 0.0000 0.0000 0.0000 0.0000 0.0000 0.0000 0.0000 0.0000 1.0000 
Temp7:
0.0232 0.0094 0.0026 0.0025 -0.0019 -0.0001 -0.0005 0.0009 0.0005 -0.0008 0.0006 0.0013 0.0017 -0.0005 0.0018 
0.0094 0.0124 0.0017 -0.0002 0.0013 -0.0006 0.0011 -0.0003 0.0014 -0.0008 0.0014 -0.0003 0.0017 -0.0006 0.0017 
0.0026 0.0017 0.0005 -0.0000 -0.0003 -0.0001 -0.0000 -0.0000 0.0001 -0.0002 0.0001 0.0000 0.0003 -0.0002 0.0003 
0.0025 -0.0002 -0.0000 0.0025 -0.0002 0.0008 -0.0003 0.0010 -0.0001 0.0006 -0.0001 0.0011 0.0001 0.0007 0.0002 
-0.0019 0.0013 -0.0003 -0.0002 0.0031 0.0002 0.0011 -0.0001 0.0007 0.0005 0.0007 -0.0003 0.0003 0.0004 0.0002 
-0.0001 -0.0006 -0.0001 0.0008 0.0002 0.0066 0.0000 0.0012 -0.0007 0.0022 -0.0007 0.0009 -0.0015 0.0020 -0.0015 
-0.0005 0.0011 -0.0000 -0.0003 0.0011 0.0000 0.0033 -0.0002 0.0008 0.0002 0.0008 -0.0004 0.0004 0.0001 0.0004 
0.0009 -0.0003 -0.0000 0.0010 -0.0001 0.0012 -0.0002 0.0037 -0.0007 0.0013 -0.0004 0.0011 -0.0006 0.0012 -0.0005 
0.0005 0.0014 0.0001 -0.0001 0.0007 -0.0007 0.0008 -0.0007 0.0034 -0.0009 0.0011 -0.0003 0.0015 -0.0007 0.0015 
-0.0008 -0.0008 -0.0002 0.0006 0.0005 0.0022 0.0002 0.0013 -0.0009 0.0094 -0.0022 0.0008 -0.0022 0.0025 -0.0022 
0.0006 0.0014 0.0001 -0.0001 0.0007 -0.0007 0.0008 -0.0004 0.0011 -0.0022 0.0037 -0.0003 0.0016 -0.0008 0.0016 
0.0013 -0.0003 0.0000 0.0011 -0.0003 0.0009 -0.0004 0.0011 -0.0003 0.0008 -0.0003 0.0035 -0.0006 0.0008 -0.0001 
0.0017 0.0017 0.0003 0.0001 0.0003 -0.0015 0.0004 -0.0006 0.0015 -0.0022 0.0016 -0.0006 0.0056 -0.0018 0.0028 
-0.0005 -0.0006 -0.0002 0.0007 0.0004 0.0020 0.0001 0.0012 -0.0007 0.0025 -0.0008 0.0008 -0.0018 0.0074 -0.0038 
0.0018 0.0017 0.0003 0.0002 0.0002 -0.0015 0.0004 -0.0005 0.0015 -0.0022 0.0016 -0.0001 0.0028 -0.0038 0.0063 
Matriz P después de update:
0.023174 0.009399 0.002639 0.002463 -0.001882 -0.000105 -0.000535 0.000876 0.000470 -0.000841 0.000612 0.001270 0.001746 -0.000498 0.001847 
0.009399 0.012361 0.001701 -0.000209 0.001334 -0.000575 0.001126 -0.000325 0.001372 -0.000760 0.001416 -0.000287 0.001731 -0.000631 0.001695 
0.002639 0.001701 0.000481 -0.000008 -0.000287 -0.000144 -0.000016 -0.000034 0.000104 -0.000228 0.000120 0.000014 0.000259 -0.000185 0.000263 
0.002463 -0.000209 -0.000008 0.002546 -0.000183 0.000801 -0.000332 0.001043 -0.000139 0.000642 -0.000106 0.001107 0.000089 0.000700 0.000151 
-0.001882 0.001334 -0.000287 -0.000183 0.003107 0.000235 0.001104 -0.000081 0.000732 0.000480 0.000695 -0.000282 0.000287 0.000376 0.000243 
-0.000105 -0.000575 -0.000144 0.000801 0.000235 0.006555 0.000032 0.001238 -0.000678 0.002231 -0.000732 0.000899 -0.001549 0.001951 -0.001511 
-0.000535 0.001126 -0.000016 -0.000332 0.001104 0.000032 0.003284 -0.000243 0.000795 0.000229 0.000767 -0.000411 0.000443 0.000146 0.000394 
0.000876 -0.000325 -0.000034 0.001043 -0.000081 0.001238 -0.000243 0.003682 -0.000665 0.001306 -0.000400 0.001082 -0.000604 0.001231 -0.000544 
0.000470 0.001372 0.000104 -0.000139 0.000732 -0.000678 0.000795 -0.000665 0.003442 -0.000877 0.001136 -0.000285 0.001502 -0.000731 0.001474 
-0.000841 -0.000760 -0.000228 0.000642 0.000480 0.002231 0.000229 0.001306 -0.000877 0.009372 -0.002189 0.000789 -0.002245 0.002501 -0.002224 
0.000612 0.001416 0.000120 -0.000106 0.000695 -0.000732 0.000767 -0.000400 0.001136 -0.002189 0.003693 -0.000264 0.001612 -0.000811 0.001588 
0.001270 -0.000287 0.000014 0.001107 -0.000282 0.000899 -0.000411 0.001082 -0.000285 0.000789 -0.000264 0.003500 -0.000562 0.000820 -0.000088 
0.001746 0.001731 0.000259 0.000089 0.000287 -0.001549 0.000443 -0.000604 0.001502 -0.002245 0.001612 -0.000562 0.005639 -0.001827 0.002822 
-0.000498 -0.000631 -0.000185 0.000700 0.000376 0.001951 0.000146 0.001231 -0.000731 0.002501 -0.000811 0.000820 -0.001827 0.007412 -0.003847 
0.001847 0.001695 0.000263 0.000151 0.000243 -0.001511 0.000394 -0.000544 0.001474 -0.002224 0.001588 -0.000088 0.002822 -0.003847 0.006345 

--- Landmark 1 ---
Robot pos: (9.035795, -0.033607, -0.002043)
Landmark pos: (3.002741, 12.005921)
q = 181.347973, sqrt(q) = 13.466550
H matrix:
0.066389 0.033268 -1.000000 0.000000 0.000000 -0.066389 -0.033268 0.000000 0.000000 0.000000 0.000000 0.000000 0.000000 0.000000 0.000000 
0.448003 -0.894032 0.000000 0.000000 0.000000 -0.448003 0.894032 0.000000 0.000000 0.000000 0.000000 0.000000 0.000000 0.000000 0.000000 
numEntries: 15 - NUM_MEAS_TYPE: 2 
HT matrix:
0.066389 - Indice i 0 - Indice j 0 
0.448003 - Indice i 0 - Indice j 1 

0.033268 - Indice i 1 - Indice j 0 
-0.894032 - Indice i 1 - Indice j 1 

-1.000000 - Indice i 2 - Indice j 0 
0.000000 - Indice i 2 - Indice j 1 

0.000000 - Indice i 3 - Indice j 0 
0.000000 - Indice i 3 - Indice j 1 

0.000000 - Indice i 4 - Indice j 0 
0.000000 - Indice i 4 - Indice j 1 

-0.066389 - Indice i 5 - Indice j 0 
-0.448003 - Indice i 5 - Indice j 1 

-0.033268 - Indice i 6 - Indice j 0 
0.894032 - Indice i 6 - Indice j 1 

0.000000 - Indice i 7 - Indice j 0 
0.000000 - Indice i 7 - Indice j 1 

0.000000 - Indice i 8 - Indice j 0 
0.000000 - Indice i 8 - Indice j 1 

0.000000 - Indice i 9 - Indice j 0 
0.000000 - Indice i 9 - Indice j 1 

0.000000 - Indice i 10 - Indice j 0 
0.000000 - Indice i 10 - Indice j 1 

0.000000 - Indice i 11 - Indice j 0 
0.000000 - Indice i 11 - Indice j 1 

0.000000 - Indice i 12 - Indice j 0 
0.000000 - Indice i 12 - Indice j 1 

0.000000 - Indice i 13 - Indice j 0 
0.000000 - Indice i 13 - Indice j 1 

0.000000 - Indice i 14 - Indice j 0 
0.000000 - Indice i 14 - Indice j 1 

Expected (beta, range): (2.037370, 13.466550)
Measured (beta, range): (2.038000, 13.463100)

--- Diff vector ---
diff[0][0] = 0.000630
diff[1][0] = -0.003450
Temp1:
-0.0008 -0.0007 -0.0002 0.0001 0.0002 -0.0003 -0.0001 0.0000 -0.0000 -0.0000 -0.0000 0.0000 0.0000 -0.0000 0.0000 
0.0015 -0.0056 -0.0003 0.0006 -0.0012 -0.0024 0.0017 -0.0001 -0.0000 -0.0005 0.0000 0.0001 0.0003 -0.0004 0.0003 
Temp2:
0.0002 0.0003 
0.0003 0.0083 
Temp3:
0.0003 0.0003 
0.0003 0.0147 
Temp4:
3518.3686 -74.8851 
-74.8851 69.7637 
Temp5:
-0.0008 0.0015 
-0.0007 -0.0056 
-0.0002 -0.0003 
0.0001 0.0006 
0.0002 -0.0012 
-0.0003 -0.0024 
-0.0001 0.0017 
0.0000 -0.0001 
-0.0000 -0.0000 
-0.0000 -0.0005 
-0.0000 0.0000 
0.0000 0.0001 
0.0000 0.0003 
-0.0000 -0.0004 
0.0000 0.0003 

--- Kalman Gain ---
K[0][0] = -2.800792
K[0][1] = 0.165087
K[1][0] = -1.922218
K[1][1] = -0.339194
K[2][0] = -0.820737
K[2][1] = -0.002210
K[3][0] = 0.383608
K[3][1] = 0.035090
K[4][0] = 0.629762
K[4][1] = -0.092092
K[5][0] = -0.937800
K[5][1] = -0.146438
K[6][0] = -0.452594
K[6][1] = 0.123819
K[7][0] = 0.032819
K[7][1] = -0.006711
K[8][0] = -0.028796
K[8][1] = 0.000463
K[9][0] = 0.007115
K[9][1] = -0.033753
K[10][0] = -0.032549
K[10][1] = 0.002209
K[11][0] = 0.049060
K[11][1] = 0.002705
K[12][0] = -0.015684
K[12][1] = 0.022469
K[13][0] = 0.018066
K[13][1] = -0.027806
K[14][0] = -0.015085
K[14][1] = 0.023606

--- State Update ---
ΔX[0] = -0.002335
ΔX[1] = -0.000041
ΔX[2] = -0.000510
ΔX[3] = 0.000121
ΔX[4] = 0.000715
ΔX[5] = -0.000086
ΔX[6] = -0.000712
ΔX[7] = 0.000044
ΔX[8] = -0.000020
ΔX[9] = 0.000121
ΔX[10] = -0.000028
ΔX[11] = 0.000022
ΔX[12] = -0.000087
ΔX[13] = 0.000107
ΔX[14] = -0.000091
Temp6:
-0.1120 -0.2408 2.8008 0.0000 0.0000 0.1120 0.2408 0.0000 0.0000 0.0000 0.0000 0.0000 0.0000 0.0000 0.0000 
-0.2796 0.2393 1.9222 0.0000 0.0000 0.2796 -0.2393 0.0000 0.0000 0.0000 0.0000 0.0000 0.0000 0.0000 0.0000 
-0.0555 -0.0253 0.8207 0.0000 0.0000 0.0555 0.0253 0.0000 0.0000 0.0000 0.0000 0.0000 0.0000 0.0000 0.0000 
0.0412 -0.0186 -0.3836 0.0000 0.0000 -0.0412 0.0186 0.0000 0.0000 0.0000 0.0000 0.0000 0.0000 0.0000 0.0000 
0.0006 0.1033 -0.6298 0.0000 0.0000 -0.0006 -0.1033 0.0000 0.0000 0.0000 0.0000 0.0000 0.0000 0.0000 0.0000 
-0.1279 0.0997 0.9378 0.0000 0.0000 0.1279 -0.0997 0.0000 0.0000 0.0000 0.0000 0.0000 0.0000 0.0000 0.0000 
0.0254 -0.1258 0.4526 0.0000 0.0000 -0.0254 0.1258 0.0000 0.0000 0.0000 0.0000 0.0000 0.0000 0.0000 0.0000 
-0.0008 0.0071 -0.0328 0.0000 0.0000 0.0008 -0.0071 0.0000 0.0000 0.0000 0.0000 0.0000 0.0000 0.0000 0.0000 
-0.0017 -0.0014 0.0288 0.0000 0.0000 0.0017 0.0014 0.0000 0.0000 0.0000 0.0000 0.0000 0.0000 0.0000 0.0000 
-0.0146 0.0304 -0.0071 0.0000 0.0000 0.0146 -0.0304 0.0000 0.0000 0.0000 0.0000 0.0000 0.0000 0.0000 0.0000 
-0.0012 -0.0031 0.0325 0.0000 0.0000 0.0012 0.0031 0.0000 0.0000 0.0000 0.0000 0.0000 0.0000 0.0000 0.0000 
0.0045 -0.0008 -0.0491 0.0000 0.0000 -0.0045 0.0008 0.0000 0.0000 0.0000 0.0000 0.0000 0.0000 0.0000 0.0000 
0.0090 -0.0206 0.0157 0.0000 0.0000 -0.0090 0.0206 0.0000 0.0000 0.0000 0.0000 0.0000 0.0000 0.0000 0.0000 
-0.0113 0.0255 -0.0181 0.0000 0.0000 0.0113 -0.0255 0.0000 0.0000 0.0000 0.0000 0.0000 0.0000 0.0000 0.0000 
0.0096 -0.0216 0.0151 0.0000 0.0000 -0.0096 0.0216 0.0000 0.0000 0.0000 0.0000 0.0000 0.0000 0.0000 0.0000 
CovUpdate:
1.1120 0.2408 -2.8008 0.0000 0.0000 -0.1120 -0.2408 0.0000 0.0000 0.0000 0.0000 0.0000 0.0000 0.0000 0.0000 
0.2796 0.7607 -1.9222 0.0000 0.0000 -0.2796 0.2393 0.0000 0.0000 0.0000 0.0000 0.0000 0.0000 0.0000 0.0000 
0.0555 0.0253 0.1793 0.0000 0.0000 -0.0555 -0.0253 0.0000 0.0000 0.0000 0.0000 0.0000 0.0000 0.0000 0.0000 
-0.0412 0.0186 0.3836 1.0000 0.0000 0.0412 -0.0186 0.0000 0.0000 0.0000 0.0000 0.0000 0.0000 0.0000 0.0000 
-0.0006 -0.1033 0.6298 0.0000 1.0000 0.0006 0.1033 0.0000 0.0000 0.0000 0.0000 0.0000 0.0000 0.0000 0.0000 
0.1279 -0.0997 -0.9378 0.0000 0.0000 0.8721 0.0997 0.0000 0.0000 0.0000 0.0000 0.0000 0.0000 0.0000 0.0000 
-0.0254 0.1258 -0.4526 0.0000 0.0000 0.0254 0.8742 0.0000 0.0000 0.0000 0.0000 0.0000 0.0000 0.0000 0.0000 
0.0008 -0.0071 0.0328 0.0000 0.0000 -0.0008 0.0071 1.0000 0.0000 0.0000 0.0000 0.0000 0.0000 0.0000 0.0000 
0.0017 0.0014 -0.0288 0.0000 0.0000 -0.0017 -0.0014 0.0000 1.0000 0.0000 0.0000 0.0000 0.0000 0.0000 0.0000 
0.0146 -0.0304 0.0071 0.0000 0.0000 -0.0146 0.0304 0.0000 0.0000 1.0000 0.0000 0.0000 0.0000 0.0000 0.0000 
0.0012 0.0031 -0.0325 0.0000 0.0000 -0.0012 -0.0031 0.0000 0.0000 0.0000 1.0000 0.0000 0.0000 0.0000 0.0000 
-0.0045 0.0008 0.0491 0.0000 0.0000 0.0045 -0.0008 0.0000 0.0000 0.0000 0.0000 1.0000 0.0000 0.0000 0.0000 
-0.0090 0.0206 -0.0157 0.0000 0.0000 0.0090 -0.0206 0.0000 0.0000 0.0000 0.0000 0.0000 1.0000 0.0000 0.0000 
0.0113 -0.0255 0.0181 0.0000 0.0000 -0.0113 0.0255 0.0000 0.0000 0.0000 0.0000 0.0000 0.0000 1.0000 0.0000 
-0.0096 0.0216 -0.0151 0.0000 0.0000 0.0096 -0.0216 0.0000 0.0000 0.0000 0.0000 0.0000 0.0000 0.0000 1.0000 
Temp7:
0.0208 0.0085 0.0020 0.0027 -0.0013 -0.0006 -0.0011 0.0009 0.0004 -0.0008 0.0006 0.0013 0.0017 -0.0004 0.0018 
0.0085 0.0092 0.0011 0.0002 0.0012 -0.0020 0.0015 -0.0003 0.0014 -0.0009 0.0014 -0.0002 0.0018 -0.0008 0.0018 
0.0020 0.0011 0.0003 0.0001 -0.0002 -0.0004 -0.0001 -0.0000 0.0001 -0.0002 0.0001 0.0000 0.0003 -0.0002 0.0003 
0.0027 0.0002 0.0001 0.0025 -0.0002 0.0010 -0.0004 0.0010 -0.0001 0.0007 -0.0001 0.0011 0.0001 0.0007 0.0001 
-0.0013 0.0012 -0.0002 -0.0002 0.0029 0.0002 0.0013 -0.0001 0.0007 0.0004 0.0007 -0.0003 0.0003 0.0003 0.0003 
-0.0006 -0.0020 -0.0004 0.0010 0.0002 0.0059 0.0002 0.0012 -0.0007 0.0022 -0.0007 0.0009 -0.0015 0.0019 -0.0015 
-0.0011 0.0015 -0.0001 -0.0004 0.0013 0.0002 0.0030 -0.0002 0.0008 0.0003 0.0008 -0.0004 0.0004 0.0002 0.0004 
0.0009 -0.0003 -0.0000 0.0010 -0.0001 0.0012 -0.0002 0.0037 -0.0007 0.0013 -0.0004 0.0011 -0.0006 0.0012 -0.0005 
0.0004 0.0014 0.0001 -0.0001 0.0007 -0.0007 0.0008 -0.0007 0.0034 -0.0009 0.0011 -0.0003 0.0015 -0.0007 0.0015 
-0.0008 -0.0009 -0.0002 0.0007 0.0004 0.0022 0.0003 0.0013 -0.0009 0.0094 -0.0022 0.0008 -0.0022 0.0025 -0.0022 
0.0006 0.0014 0.0001 -0.0001 0.0007 -0.0007 0.0008 -0.0004 0.0011 -0.0022 0.0037 -0.0003 0.0016 -0.0008 0.0016 
0.0013 -0.0002 0.0000 0.0011 -0.0003 0.0009 -0.0004 0.0011 -0.0003 0.0008 -0.0003 0.0035 -0.0006 0.0008 -0.0001 
0.0017 0.0018 0.0003 0.0001 0.0003 -0.0015 0.0004 -0.0006 0.0015 -0.0022 0.0016 -0.0006 0.0056 -0.0018 0.0028 
-0.0004 -0.0008 -0.0002 0.0007 0.0003 0.0019 0.0002 0.0012 -0.0007 0.0025 -0.0008 0.0008 -0.0018 0.0074 -0.0038 
0.0018 0.0018 0.0003 0.0001 0.0003 -0.0015 0.0004 -0.0005 0.0015 -0.0022 0.0016 -0.0001 0.0028 -0.0038 0.0063 
Matriz P después de update:
0.020781 0.008457 0.002016 0.002701 -0.001259 -0.000594 -0.001072 0.000912 0.000447 -0.000784 0.000584 0.001303 0.001699 -0.000441 0.001799 
0.008457 0.009192 0.001143 0.000242 0.001239 -0.002016 0.001515 -0.000341 0.001356 -0.000943 0.001406 -0.000239 0.001846 -0.000774 0.001817 
0.002016 0.001143 0.000284 0.000094 -0.000163 -0.000411 -0.000089 -0.000028 0.000097 -0.000236 0.000112 0.000026 0.000262 -0.000189 0.000266 
0.002701 0.000242 0.000094 0.002477 -0.000202 0.001009 -0.000355 0.001043 -0.000136 0.000662 -0.000103 0.001099 0.000077 0.000715 0.000138 
-0.001259 0.001239 -0.000163 -0.000202 0.002904 0.000211 0.001316 -0.000094 0.000737 0.000440 0.000702 -0.000286 0.000315 0.000341 0.000272 
-0.000594 -0.002016 -0.000411 0.001009 0.000211 0.005899 0.000190 0.001233 -0.000686 0.002151 -0.000737 0.000922 -0.001500 0.001889 -0.001458 
-0.001072 0.001515 -0.000089 -0.000355 0.001316 0.000190 0.003034 -0.000228 0.000791 0.000286 0.000760 -0.000411 0.000404 0.000194 0.000353 
0.000912 -0.000341 -0.000028 0.001043 -0.000094 0.001233 -0.000228 0.003681 -0.000664 0.001303 -0.000400 0.001082 -0.000602 0.001229 -0.000542 
0.000447 0.001356 0.000097 -0.000136 0.000737 -0.000686 0.000791 -0.000664 0.003442 -0.000877 0.001136 -0.000284 0.001502 -0.000731 0.001473 
-0.000784 -0.000943 -0.000236 0.000662 0.000440 0.002151 0.000286 0.001303 -0.000877 0.009356 -0.002188 0.000791 -0.002234 0.002488 -0.002213 
0.000584 0.001406 0.000112 -0.000103 0.000702 -0.000737 0.000760 -0.000400 0.001136 -0.002188 0.003693 -0.000263 0.001612 -0.000810 0.001587 
0.001303 -0.000239 0.000026 0.001099 -0.000286 0.000922 -0.000411 0.001082 -0.000284 0.000791 -0.000263 0.003499 -0.000563 0.000821 -0.000089 
0.001699 0.001846 0.000262 0.000077 0.000315 -0.001500 0.000404 -0.000602 0.001502 -0.002234 0.001612 -0.000563 0.005631 -0.001818 0.002814 
-0.000441 -0.000774 -0.000189 0.000715 0.000341 0.001889 0.000194 0.001229 -0.000731 0.002488 -0.000810 0.000821 -0.001818 0.007401 -0.003837 
0.001799 0.001817 0.000266 0.000138 0.000272 -0.001458 0.000353 -0.000542 0.001473 -0.002213 0.001587 -0.000089 0.002814 -0.003837 0.006337 

--- Landmark 2 ---
Robot pos: (9.033460, -0.033648, -0.002553)
Landmark pos: (6.998912, 8.002186)
q = 68.714011, sqrt(q) = 8.289391
H matrix:
0.116946 0.029609 -1.000000 0.000000 0.000000 0.000000 0.000000 -0.116946 -0.029609 0.000000 0.000000 0.000000 0.000000 0.000000 0.000000 
0.245440 -0.969412 0.000000 0.000000 0.000000 0.000000 0.000000 -0.245440 0.969412 0.000000 0.000000 0.000000 0.000000 0.000000 0.000000 
numEntries: 15 - NUM_MEAS_TYPE: 2 
HT matrix:
0.116946 - Indice i 0 - Indice j 0 
0.245440 - Indice i 0 - Indice j 1 

0.029609 - Indice i 1 - Indice j 0 
-0.969412 - Indice i 1 - Indice j 1 

-1.000000 - Indice i 2 - Indice j 0 
0.000000 - Indice i 2 - Indice j 1 

0.000000 - Indice i 3 - Indice j 0 
0.000000 - Indice i 3 - Indice j 1 

0.000000 - Indice i 4 - Indice j 0 
0.000000 - Indice i 4 - Indice j 1 

0.000000 - Indice i 5 - Indice j 0 
0.000000 - Indice i 5 - Indice j 1 

0.000000 - Indice i 6 - Indice j 0 
0.000000 - Indice i 6 - Indice j 1 

-0.116946 - Indice i 7 - Indice j 0 
-0.245440 - Indice i 7 - Indice j 1 

-0.029609 - Indice i 8 - Indice j 0 
0.969412 - Indice i 8 - Indice j 1 

0.000000 - Indice i 9 - Indice j 0 
0.000000 - Indice i 9 - Indice j 1 

0.000000 - Indice i 10 - Indice j 0 
0.000000 - Indice i 10 - Indice j 1 

0.000000 - Indice i 11 - Indice j 0 
0.000000 - Indice i 11 - Indice j 1 

0.000000 - Indice i 12 - Indice j 0 
0.000000 - Indice i 12 - Indice j 1 

0.000000 - Indice i 13 - Indice j 0 
0.000000 - Indice i 13 - Indice j 1 

0.000000 - Indice i 14 - Indice j 0 
0.000000 - Indice i 14 - Indice j 1 

Expected (beta, range): (1.821323, 8.289391)
Measured (beta, range): (1.820800, 8.287400)

--- Diff vector ---
diff[0][0] = -0.000523
diff[1][0] = -0.001991
Temp1:
0.0005 0.0001 -0.0000 0.0001 0.0000 0.0002 0.0000 -0.0003 -0.0000 -0.0000 0.0000 0.0000 0.0000 -0.0000 0.0000 
-0.0029 -0.0054 -0.0005 0.0000 -0.0008 0.0008 -0.0009 -0.0010 0.0023 -0.0004 -0.0000 0.0000 0.0002 -0.0004 0.0002 
Temp2:
0.0001 0.0001 
0.0001 0.0070 
Temp3:
0.0002 0.0001 
0.0001 0.0134 
Temp4:
4644.7620 -21.3107 
-21.3107 74.5558 
Temp5:
0.0005 -0.0029 
0.0001 -0.0054 
-0.0000 -0.0005 
0.0001 0.0000 
0.0000 -0.0008 
0.0002 0.0008 
0.0000 -0.0009 
-0.0003 -0.0010 
-0.0000 0.0023 
-0.0000 -0.0004 
0.0000 -0.0000 
0.0000 0.0000 
0.0000 0.0002 
-0.0000 -0.0004 
0.0000 0.0002 

--- Kalman Gain ---
K[0][0] = 2.590978
K[0][1] = -0.226943
K[1][0] = 0.664307
K[1][1] = -0.407865
K[2][0] = -0.054607
K[2][1] = -0.037886
K[3][0] = 0.515863
K[3][1] = 0.000709
K[4][0] = 0.210546
K[4][1] = -0.058497
K[5][0] = 0.714286
K[5][1] = 0.059324
K[6][0] = 0.074350
K[6][1] = -0.068044
K[7][0] = -1.307064
K[7][1] = -0.067947
K[8][0] = -0.181924
K[8][1] = 0.171731
K[9][0] = -0.034559
K[9][1] = -0.033211
K[10][0] = 0.049791
K[10][1] = -0.001749
K[11][0] = 0.004749
K[11][1] = 0.000743
K[12][0] = 0.075899
K[12][1] = 0.016888
K[13][0] = -0.028602
K[13][1] = -0.027276
K[14][0] = 0.076260
K[14][1] = 0.017673

--- State Update ---
ΔX[0] = -0.000902
ΔX[1] = 0.000465
ΔX[2] = 0.000104
ΔX[3] = -0.000271
ΔX[4] = 0.000006
ΔX[5] = -0.000491
ΔX[6] = 0.000097
ΔX[7] = 0.000818
ΔX[8] = -0.000247
ΔX[9] = 0.000084
ΔX[10] = -0.000023
ΔX[11] = -0.000004
ΔX[12] = -0.000073
ΔX[13] = 0.000069
ΔX[14] = -0.000075
Temp6:
0.2473 0.2967 -2.5910 0.0000 0.0000 0.0000 0.0000 -0.2473 -0.2967 0.0000 0.0000 0.0000 0.0000 0.0000 0.0000 
-0.0224 0.4151 -0.6643 0.0000 0.0000 0.0000 0.0000 0.0224 -0.4151 0.0000 0.0000 0.0000 0.0000 0.0000 0.0000 
-0.0157 0.0351 0.0546 0.0000 0.0000 0.0000 0.0000 0.0157 -0.0351 0.0000 0.0000 0.0000 0.0000 0.0000 0.0000 
0.0605 0.0146 -0.5159 0.0000 0.0000 0.0000 0.0000 -0.0605 -0.0146 0.0000 0.0000 0.0000 0.0000 0.0000 0.0000 
0.0103 0.0629 -0.2105 0.0000 0.0000 0.0000 0.0000 -0.0103 -0.0629 0.0000 0.0000 0.0000 0.0000 0.0000 0.0000 
0.0981 -0.0364 -0.7143 0.0000 0.0000 0.0000 0.0000 -0.0981 0.0364 0.0000 0.0000 0.0000 0.0000 0.0000 0.0000 
-0.0080 0.0682 -0.0743 0.0000 0.0000 0.0000 0.0000 0.0080 -0.0682 0.0000 0.0000 0.0000 0.0000 0.0000 0.0000 
-0.1695 0.0272 1.3071 0.0000 0.0000 0.0000 0.0000 0.1695 -0.0272 0.0000 0.0000 0.0000 0.0000 0.0000 0.0000 
0.0209 -0.1719 0.1819 0.0000 0.0000 0.0000 0.0000 -0.0209 0.1719 0.0000 0.0000 0.0000 0.0000 0.0000 0.0000 
-0.0122 0.0312 0.0346 0.0000 0.0000 0.0000 0.0000 0.0122 -0.0312 0.0000 0.0000 0.0000 0.0000 0.0000 0.0000 
0.0054 0.0032 -0.0498 0.0000 0.0000 0.0000 0.0000 -0.0054 -0.0032 0.0000 0.0000 0.0000 0.0000 0.0000 0.0000 
0.0007 -0.0006 -0.0047 0.0000 0.0000 0.0000 0.0000 -0.0007 0.0006 0.0000 0.0000 0.0000 0.0000 0.0000 0.0000 
0.0130 -0.0141 -0.0759 0.0000 0.0000 0.0000 0.0000 -0.0130 0.0141 0.0000 0.0000 0.0000 0.0000 0.0000 0.0000 
-0.0100 0.0256 0.0286 0.0000 0.0000 0.0000 0.0000 0.0100 -0.0256 0.0000 0.0000 0.0000 0.0000 0.0000 0.0000 
0.0133 -0.0149 -0.0763 0.0000 0.0000 0.0000 0.0000 -0.0133 0.0149 0.0000 0.0000 0.0000 0.0000 0.0000 0.0000 
CovUpdate:
0.7527 -0.2967 2.5910 0.0000 0.0000 0.0000 0.0000 0.2473 0.2967 0.0000 0.0000 0.0000 0.0000 0.0000 0.0000 
0.0224 0.5849 0.6643 0.0000 0.0000 0.0000 0.0000 -0.0224 0.4151 0.0000 0.0000 0.0000 0.0000 0.0000 0.0000 
0.0157 -0.0351 0.9454 0.0000 0.0000 0.0000 0.0000 -0.0157 0.0351 0.0000 0.0000 0.0000 0.0000 0.0000 0.0000 
-0.0605 -0.0146 0.5159 1.0000 0.0000 0.0000 0.0000 0.0605 0.0146 0.0000 0.0000 0.0000 0.0000 0.0000 0.0000 
-0.0103 -0.0629 0.2105 0.0000 1.0000 0.0000 0.0000 0.0103 0.0629 0.0000 0.0000 0.0000 0.0000 0.0000 0.0000 
-0.0981 0.0364 0.7143 0.0000 0.0000 1.0000 0.0000 0.0981 -0.0364 0.0000 0.0000 0.0000 0.0000 0.0000 0.0000 
0.0080 -0.0682 0.0743 0.0000 0.0000 0.0000 1.0000 -0.0080 0.0682 0.0000 0.0000 0.0000 0.0000 0.0000 0.0000 
0.1695 -0.0272 -1.3071 0.0000 0.0000 0.0000 0.0000 0.8305 0.0272 0.0000 0.0000 0.0000 0.0000 0.0000 0.0000 
-0.0209 0.1719 -0.1819 0.0000 0.0000 0.0000 0.0000 0.0209 0.8281 0.0000 0.0000 0.0000 0.0000 0.0000 0.0000 
0.0122 -0.0312 -0.0346 0.0000 0.0000 0.0000 0.0000 -0.0122 0.0312 1.0000 0.0000 0.0000 0.0000 0.0000 0.0000 
-0.0054 -0.0032 0.0498 0.0000 0.0000 0.0000 0.0000 0.0054 0.0032 0.0000 1.0000 0.0000 0.0000 0.0000 0.0000 
-0.0007 0.0006 0.0047 0.0000 0.0000 0.0000 0.0000 0.0007 -0.0006 0.0000 0.0000 1.0000 0.0000 0.0000 0.0000 
-0.0130 0.0141 0.0759 0.0000 0.0000 0.0000 0.0000 0.0130 -0.0141 0.0000 0.0000 0.0000 1.0000 0.0000 0.0000 
0.0100 -0.0256 -0.0286 0.0000 0.0000 0.0000 0.0000 -0.0100 0.0256 0.0000 0.0000 0.0000 0.0000 1.0000 0.0000 
-0.0133 0.0149 0.0763 0.0000 0.0000 0.0000 0.0000 0.0133 -0.0149 0.0000 0.0000 0.0000 0.0000 0.0000 1.0000 
Temp7:
0.0187 0.0069 0.0019 0.0024 -0.0015 -0.0008 -0.0013 0.0014 0.0010 -0.0009 0.0006 0.0013 0.0017 -0.0005 0.0018 
0.0069 0.0069 0.0009 0.0002 0.0009 -0.0018 0.0011 -0.0006 0.0023 -0.0011 0.0014 -0.0002 0.0019 -0.0009 0.0019 
0.0019 0.0009 0.0003 0.0001 -0.0002 -0.0004 -0.0001 -0.0001 0.0002 -0.0003 0.0001 0.0000 0.0003 -0.0002 0.0003 
0.0024 0.0002 0.0001 0.0024 -0.0002 0.0009 -0.0004 0.0012 -0.0001 0.0007 -0.0001 0.0011 0.0001 0.0007 0.0001 
-0.0015 0.0009 -0.0002 -0.0002 0.0028 0.0002 0.0013 -0.0001 0.0009 0.0004 0.0007 -0.0003 0.0003 0.0003 0.0003 
-0.0008 -0.0018 -0.0004 0.0009 0.0002 0.0057 0.0002 0.0015 -0.0008 0.0022 -0.0007 0.0009 -0.0015 0.0019 -0.0015 
-0.0013 0.0011 -0.0001 -0.0004 0.0013 0.0002 0.0030 -0.0003 0.0009 0.0003 0.0008 -0.0004 0.0004 0.0002 0.0004 
0.0014 -0.0006 -0.0001 0.0012 -0.0001 0.0015 -0.0003 0.0032 -0.0005 0.0013 -0.0004 0.0011 -0.0006 0.0012 -0.0005 
0.0010 0.0023 0.0002 -0.0001 0.0009 -0.0008 0.0009 -0.0005 0.0030 -0.0008 0.0011 -0.0003 0.0015 -0.0007 0.0014 
-0.0009 -0.0011 -0.0003 0.0007 0.0004 0.0022 0.0003 0.0013 -0.0008 0.0093 -0.0022 0.0008 -0.0022 0.0025 -0.0022 
0.0006 0.0014 0.0001 -0.0001 0.0007 -0.0007 0.0008 -0.0004 0.0011 -0.0022 0.0037 -0.0003 0.0016 -0.0008 0.0016 
0.0013 -0.0002 0.0000 0.0011 -0.0003 0.0009 -0.0004 0.0011 -0.0003 0.0008 -0.0003 0.0035 -0.0006 0.0008 -0.0001 
0.0017 0.0019 0.0003 0.0001 0.0003 -0.0015 0.0004 -0.0006 0.0015 -0.0022 0.0016 -0.0006 0.0056 -0.0018 0.0028 
-0.0005 -0.0009 -0.0002 0.0007 0.0003 0.0019 0.0002 0.0012 -0.0007 0.0025 -0.0008 0.0008 -0.0018 0.0074 -0.0038 
0.0018 0.0019 0.0003 0.0001 0.0003 -0.0015 0.0004 -0.0005 0.0014 -0.0022 0.0016 -0.0001 0.0028 -0.0038 0.0063 
Matriz P después de update:
0.018714 0.006917 0.001937 0.002422 -0.001542 -0.000812 -0.001309 0.001427 0.001042 -0.000861 0.000552 0.001303 0.001706 -0.000504 0.001809 
0.006917 0.006896 0.000943 0.000185 0.000896 -0.001777 0.001137 -0.000556 0.002311 -0.001120 0.001391 -0.000235 0.001928 -0.000919 0.001904 
0.001937 0.000943 0.000264 0.000101 -0.000190 -0.000370 -0.000123 -0.000082 0.000182 -0.000254 0.000112 0.000027 0.000272 -0.000203 0.000277 
0.002422 0.000185 0.000101 0.002420 -0.000223 0.000927 -0.000361 0.001191 -0.000122 0.000667 -0.000108 0.001099 0.000068 0.000720 0.000129 
-0.001542 0.000896 -0.000190 -0.000223 0.002850 0.000227 0.001261 -0.000092 0.000877 0.000416 0.000699 -0.000286 0.000325 0.000321 0.000283 
-0.000812 -0.001777 -0.000370 0.000927 0.000227 0.005736 0.000235 0.001496 -0.000801 0.002185 -0.000743 0.000920 -0.001526 0.001916 -0.001485 
-0.001309 0.001137 -0.000123 -0.000361 0.001261 0.000235 0.002972 -0.000275 0.000949 0.000256 0.000758 -0.000410 0.000418 0.000170 0.000369 
0.001427 -0.000556 -0.000082 0.001191 -0.000092 0.001496 -0.000275 0.003240 -0.000546 0.001260 -0.000387 0.001084 -0.000564 0.001193 -0.000503 
0.001042 0.002311 0.000182 -0.000122 0.000877 -0.000801 0.000949 -0.000546 0.003042 -0.000802 0.001141 -0.000286 0.001465 -0.000669 0.001435 
-0.000861 -0.001120 -0.000254 0.000667 0.000416 0.002185 0.000256 0.001260 -0.000802 0.009340 -0.002188 0.000791 -0.002226 0.002475 -0.002204 
0.000552 0.001391 0.000112 -0.000108 0.000699 -0.000743 0.000758 -0.000387 0.001141 -0.002188 0.003692 -0.000263 0.001611 -0.000811 0.001586 
0.001303 -0.000235 0.000027 0.001099 -0.000286 0.000920 -0.000410 0.001084 -0.000286 0.000791 -0.000263 0.003499 -0.000563 0.000821 -0.000089 
0.001706 0.001928 0.000272 0.000068 0.000325 -0.001526 0.000418 -0.000564 0.001465 -0.002226 0.001611 -0.000563 0.005626 -0.001811 0.002809 
-0.000504 -0.000919 -0.000203 0.000720 0.000321 0.001916 0.000170 0.001193 -0.000669 0.002475 -0.000811 0.000821 -0.001811 0.007391 -0.003830 
0.001809 0.001904 0.000277 0.000129 0.000283 -0.001485 0.000369 -0.000503 0.001435 -0.002204 0.001586 -0.000089 0.002809 -0.003830 0.006331 

--- Landmark 3 ---
Robot pos: (9.032558, -0.033183, -0.002449)
Landmark pos: (7.001562, 13.999027)
q = 201.027856, sqrt(q) = 14.178429
H matrix:
0.069802 0.010103 -1.000000 0.000000 0.000000 0.000000 0.000000 0.000000 0.000000 -0.069802 -0.010103 0.000000 0.000000 0.000000 0.000000 
0.143246 -0.989687 0.000000 0.000000 0.000000 0.000000 0.000000 0.000000 0.000000 -0.143246 0.989687 0.000000 0.000000 0.000000 0.000000 
numEntries: 15 - NUM_MEAS_TYPE: 2 
HT matrix:
0.069802 - Indice i 0 - Indice j 0 
0.143246 - Indice i 0 - Indice j 1 

0.010103 - Indice i 1 - Indice j 0 
-0.989687 - Indice i 1 - Indice j 1 

-1.000000 - Indice i 2 - Indice j 0 
0.000000 - Indice i 2 - Indice j 1 

0.000000 - Indice i 3 - Indice j 0 
0.000000 - Indice i 3 - Indice j 1 

0.000000 - Indice i 4 - Indice j 0 
0.000000 - Indice i 4 - Indice j 1 

0.000000 - Indice i 5 - Indice j 0 
0.000000 - Indice i 5 - Indice j 1 

0.000000 - Indice i 6 - Indice j 0 
0.000000 - Indice i 6 - Indice j 1 

0.000000 - Indice i 7 - Indice j 0 
0.000000 - Indice i 7 - Indice j 1 

0.000000 - Indice i 8 - Indice j 0 
0.000000 - Indice i 8 - Indice j 1 

-0.069802 - Indice i 9 - Indice j 0 
-0.143246 - Indice i 9 - Indice j 1 

-0.010103 - Indice i 10 - Indice j 0 
0.989687 - Indice i 10 - Indice j 1 

0.000000 - Indice i 11 - Indice j 0 
0.000000 - Indice i 11 - Indice j 1 

0.000000 - Indice i 12 - Indice j 0 
0.000000 - Indice i 12 - Indice j 1 

0.000000 - Indice i 13 - Indice j 0 
0.000000 - Indice i 13 - Indice j 1 

0.000000 - Indice i 14 - Indice j 0 
0.000000 - Indice i 14 - Indice j 1 

Expected (beta, range): (1.716985, 14.178429)
Measured (beta, range): (1.717400, 14.175500)

--- Diff vector ---
diff[0][0] = 0.000415
diff[1][0] = -0.002929
Temp1:
-0.0005 -0.0003 -0.0001 0.0000 0.0001 0.0002 0.0000 0.0001 -0.0000 -0.0004 0.0001 0.0000 0.0000 -0.0000 0.0000 
-0.0035 -0.0043 -0.0005 -0.0000 -0.0005 0.0006 -0.0006 0.0002 -0.0009 -0.0025 0.0027 0.0000 0.0002 -0.0003 0.0003 
Temp2:
0.0001 0.0004 
0.0004 0.0068 
Temp3:
0.0002 0.0004 
0.0004 0.0132 
Temp4:
5424.6617 -152.6370 
-152.6370 80.3090 
Temp5:
-0.0005 -0.0035 
-0.0003 -0.0043 
-0.0001 -0.0005 
0.0000 -0.0000 
0.0001 -0.0005 
0.0002 0.0006 
0.0000 -0.0006 
0.0001 0.0002 
-0.0000 -0.0009 
-0.0004 -0.0025 
0.0001 0.0027 
0.0000 0.0000 
0.0000 0.0002 
-0.0000 -0.0003 
0.0000 0.0003 

--- Kalman Gain ---
K[0][0] = -2.210294
K[0][1] = -0.203529
K[1][0] = -1.116451
K[1][1] = -0.295200
K[2][0] = -0.479493
K[2][1] = -0.025179
K[3][0] = 0.135932
K[3][1] = -0.006759
K[4][0] = 0.373248
K[4][1] = -0.046677
K[5][0] = 0.726189
K[5][1] = 0.024740
K[6][0] = 0.186047
K[6][1] = -0.050782
K[7][0] = 0.467438
K[7][1] = 0.001378
K[8][0] = -0.089962
K[8][1] = -0.065351
K[9][0] = -2.042086
K[9][1] = -0.134014
K[10][0] = -0.105049
K[10][1] = 0.205948
K[11][0] = 0.043875
K[11][1] = 0.002227
K[12][0] = -0.005069
K[12][1] = 0.019088
K[13][0] = 0.016133
K[13][1] = -0.024741
K[14][0] = -0.003267
K[14][1] = 0.019925

--- State Update ---
ΔX[0] = -0.000321
ΔX[1] = 0.000401
ΔX[2] = -0.000125
ΔX[3] = 0.000076
ΔX[4] = 0.000292
ΔX[5] = 0.000229
ΔX[6] = 0.000226
ΔX[7] = 0.000190
ΔX[8] = 0.000154
ΔX[9] = -0.000455
ΔX[10] = -0.000647
ΔX[11] = 0.000012
ΔX[12] = -0.000058
ΔX[13] = 0.000079
ΔX[14] = -0.000060
Temp6:
-0.1834 0.1791 2.2103 0.0000 0.0000 0.0000 0.0000 0.0000 0.0000 0.1834 -0.1791 0.0000 0.0000 0.0000 0.0000 
-0.1202 0.2809 1.1165 0.0000 0.0000 0.0000 0.0000 0.0000 0.0000 0.1202 -0.2809 0.0000 0.0000 0.0000 0.0000 
-0.0371 0.0201 0.4795 0.0000 0.0000 0.0000 0.0000 0.0000 0.0000 0.0371 -0.0201 0.0000 0.0000 0.0000 0.0000 
0.0085 0.0081 -0.1359 0.0000 0.0000 0.0000 0.0000 0.0000 0.0000 -0.0085 -0.0081 0.0000 0.0000 0.0000 0.0000 
0.0194 0.0500 -0.3732 0.0000 0.0000 0.0000 0.0000 0.0000 0.0000 -0.0194 -0.0500 0.0000 0.0000 0.0000 0.0000 
0.0542 -0.0171 -0.7262 0.0000 0.0000 0.0000 0.0000 0.0000 0.0000 -0.0542 0.0171 0.0000 0.0000 0.0000 0.0000 
0.0057 0.0521 -0.1860 0.0000 0.0000 0.0000 0.0000 0.0000 0.0000 -0.0057 -0.0521 0.0000 0.0000 0.0000 0.0000 
0.0328 0.0034 -0.4674 0.0000 0.0000 0.0000 0.0000 0.0000 0.0000 -0.0328 -0.0034 0.0000 0.0000 0.0000 0.0000 
-0.0156 0.0638 0.0900 0.0000 0.0000 0.0000 0.0000 0.0000 0.0000 0.0156 -0.0638 0.0000 0.0000 0.0000 0.0000 
-0.1617 0.1120 2.0421 0.0000 0.0000 0.0000 0.0000 0.0000 0.0000 0.1617 -0.1120 0.0000 0.0000 0.0000 0.0000 
0.0222 -0.2049 0.1050 0.0000 0.0000 0.0000 0.0000 0.0000 0.0000 -0.0222 0.2049 0.0000 0.0000 0.0000 0.0000 
0.0034 -0.0018 -0.0439 0.0000 0.0000 0.0000 0.0000 0.0000 0.0000 -0.0034 0.0018 0.0000 0.0000 0.0000 0.0000 
0.0024 -0.0189 0.0051 0.0000 0.0000 0.0000 0.0000 0.0000 0.0000 -0.0024 0.0189 0.0000 0.0000 0.0000 0.0000 
-0.0024 0.0246 -0.0161 0.0000 0.0000 0.0000 0.0000 0.0000 0.0000 0.0024 -0.0246 0.0000 0.0000 0.0000 0.0000 
0.0026 -0.0198 0.0033 0.0000 0.0000 0.0000 0.0000 0.0000 0.0000 -0.0026 0.0198 0.0000 0.0000 0.0000 0.0000 
CovUpdate:
1.1834 -0.1791 -2.2103 0.0000 0.0000 0.0000 0.0000 0.0000 0.0000 -0.1834 0.1791 0.0000 0.0000 0.0000 0.0000 
0.1202 0.7191 -1.1165 0.0000 0.0000 0.0000 0.0000 0.0000 0.0000 -0.1202 0.2809 0.0000 0.0000 0.0000 0.0000 
0.0371 -0.0201 0.5205 0.0000 0.0000 0.0000 0.0000 0.0000 0.0000 -0.0371 0.0201 0.0000 0.0000 0.0000 0.0000 
-0.0085 -0.0081 0.1359 1.0000 0.0000 0.0000 0.0000 0.0000 0.0000 0.0085 0.0081 0.0000 0.0000 0.0000 0.0000 
-0.0194 -0.0500 0.3732 0.0000 1.0000 0.0000 0.0000 0.0000 0.0000 0.0194 0.0500 0.0000 0.0000 0.0000 0.0000 
-0.0542 0.0171 0.7262 0.0000 0.0000 1.0000 0.0000 0.0000 0.0000 0.0542 -0.0171 0.0000 0.0000 0.0000 0.0000 
-0.0057 -0.0521 0.1860 0.0000 0.0000 0.0000 1.0000 0.0000 0.0000 0.0057 0.0521 0.0000 0.0000 0.0000 0.0000 
-0.0328 -0.0034 0.4674 0.0000 0.0000 0.0000 0.0000 1.0000 0.0000 0.0328 0.0034 0.0000 0.0000 0.0000 0.0000 
0.0156 -0.0638 -0.0900 0.0000 0.0000 0.0000 0.0000 0.0000 1.0000 -0.0156 0.0638 0.0000 0.0000 0.0000 0.0000 
0.1617 -0.1120 -2.0421 0.0000 0.0000 0.0000 0.0000 0.0000 0.0000 0.8383 0.1120 0.0000 0.0000 0.0000 0.0000 
-0.0222 0.2049 -0.1050 0.0000 0.0000 0.0000 0.0000 0.0000 0.0000 0.0222 0.7951 0.0000 0.0000 0.0000 0.0000 
-0.0034 0.0018 0.0439 0.0000 0.0000 0.0000 0.0000 0.0000 0.0000 0.0034 -0.0018 1.0000 0.0000 0.0000 0.0000 
-0.0024 0.0189 -0.0051 0.0000 0.0000 0.0000 0.0000 0.0000 0.0000 0.0024 -0.0189 0.0000 1.0000 0.0000 0.0000 
0.0024 -0.0246 0.0161 0.0000 0.0000 0.0000 0.0000 0.0000 0.0000 -0.0024 0.0246 0.0000 0.0000 1.0000 0.0000 
-0.0026 0.0198 -0.0033 0.0000 0.0000 0.0000 0.0000 0.0000 0.0000 0.0026 -0.0198 0.0000 0.0000 0.0000 1.0000 
Temp7:
0.0169 0.0053 0.0016 0.0025 -0.0015 -0.0004 -0.0014 0.0017 0.0008 -0.0024 0.0012 0.0013 0.0018 -0.0006 0.0019 
0.0053 0.0053 0.0007 0.0002 0.0008 -0.0014 0.0010 -0.0004 0.0020 -0.0024 0.0022 -0.0002 0.0020 -0.0010 0.0020 
0.0016 0.0007 0.0002 0.0001 -0.0002 -0.0003 -0.0001 -0.0000 0.0001 -0.0005 0.0002 0.0000 0.0003 -0.0002 0.0003 
0.0025 0.0002 0.0001 0.0024 -0.0002 0.0009 -0.0004 0.0012 -0.0001 0.0007 -0.0001 0.0011 0.0001 0.0007 0.0001 
-0.0015 0.0008 -0.0002 -0.0002 0.0028 0.0002 0.0012 -0.0001 0.0009 0.0005 0.0008 -0.0003 0.0003 0.0003 0.0003 
-0.0004 -0.0014 -0.0003 0.0009 0.0002 0.0056 0.0002 0.0014 -0.0007 0.0026 -0.0008 0.0009 -0.0015 0.0019 -0.0015 
-0.0014 0.0010 -0.0001 -0.0004 0.0012 0.0002 0.0029 -0.0003 0.0009 0.0002 0.0009 -0.0004 0.0004 0.0002 0.0004 
0.0017 -0.0004 -0.0000 0.0012 -0.0001 0.0014 -0.0003 0.0032 -0.0005 0.0015 -0.0004 0.0011 -0.0006 0.0012 -0.0005 
0.0008 0.0020 0.0001 -0.0001 0.0009 -0.0007 0.0009 -0.0005 0.0030 -0.0010 0.0013 -0.0003 0.0015 -0.0007 0.0015 
-0.0024 -0.0024 -0.0005 0.0007 0.0005 0.0026 0.0002 0.0015 -0.0010 0.0081 -0.0017 0.0008 -0.0022 0.0024 -0.0022 
0.0012 0.0022 0.0002 -0.0001 0.0008 -0.0008 0.0009 -0.0004 0.0013 -0.0017 0.0031 -0.0003 0.0016 -0.0007 0.0015 
0.0013 -0.0002 0.0000 0.0011 -0.0003 0.0009 -0.0004 0.0011 -0.0003 0.0008 -0.0003 0.0035 -0.0006 0.0008 -0.0001 
0.0018 0.0020 0.0003 0.0001 0.0003 -0.0015 0.0004 -0.0006 0.0015 -0.0022 0.0016 -0.0006 0.0056 -0.0018 0.0028 
-0.0006 -0.0010 -0.0002 0.0007 0.0003 0.0019 0.0002 0.0012 -0.0007 0.0024 -0.0007 0.0008 -0.0018 0.0074 -0.0038 
0.0019 0.0020 0.0003 0.0001 0.0003 -0.0015 0.0004 -0.0005 0.0015 -0.0022 0.0015 -0.0001 0.0028 -0.0038 0.0063 
Matriz P después de update:
0.016885 0.005321 0.001606 0.002467 -0.001517 -0.000358 -0.001393 0.001669 0.000768 -0.002362 0.001219 0.001333 0.001770 -0.000583 0.001877 
0.005321 0.005262 0.000678 0.000200 0.000818 -0.001434 0.000979 -0.000398 0.002001 -0.002363 0.002241 -0.000211 0.002009 -0.001020 0.001988 
0.001606 0.000678 0.000202 0.000112 -0.000176 -0.000283 -0.000130 -0.000033 0.000140 -0.000532 0.000206 0.000032 0.000281 -0.000214 0.000286 
0.002467 0.000200 0.000112 0.002416 -0.000234 0.000910 -0.000367 0.001180 -0.000123 0.000711 -0.000098 0.001098 0.000068 0.000718 0.000130 
-0.001517 0.000818 -0.000176 -0.000234 0.002807 0.000199 0.001226 -0.000117 0.000851 0.000466 0.000803 -0.000287 0.000334 0.000309 0.000293 
-0.000358 -0.001434 -0.000283 0.000910 0.000199 0.005612 0.000238 0.001424 -0.000749 0.002572 -0.000850 0.000912 -0.001536 0.001928 -0.001496 
-0.001393 0.000979 -0.000130 -0.000367 0.001226 0.000238 0.002938 -0.000282 0.000912 0.000211 0.000883 -0.000410 0.000430 0.000155 0.000381 
0.001669 -0.000398 -0.000033 0.001180 -0.000117 0.001424 -0.000282 0.003197 -0.000525 0.001472 -0.000417 0.001080 -0.000567 0.001197 -0.000506 
0.000768 0.002001 0.000140 -0.000123 0.000851 -0.000749 0.000912 -0.000525 0.002980 -0.001007 0.001321 -0.000282 0.001482 -0.000691 0.001453 
-0.002362 -0.002363 -0.000532 0.000711 0.000466 0.002572 0.000211 0.001472 -0.001007 0.008089 -0.001717 0.000817 -0.002180 0.002420 -0.002155 
0.001219 0.002241 0.000206 -0.000098 0.000803 -0.000850 0.000883 -0.000417 0.001321 -0.001717 0.003148 -0.000272 0.001560 -0.000746 0.001533 
0.001333 -0.000211 0.000032 0.001098 -0.000287 0.000912 -0.000410 0.001080 -0.000282 0.000817 -0.000272 0.003499 -0.000564 0.000822 -0.000090 
0.001770 0.002009 0.000281 0.000068 0.000334 -0.001536 0.000430 -0.000567 0.001482 -0.002180 0.001560 -0.000564 0.005621 -0.001805 0.002804 
-0.000583 -0.001020 -0.000214 0.000718 0.000309 0.001928 0.000155 0.001197 -0.000691 0.002420 -0.000746 0.000822 -0.001805 0.007383 -0.003824 
0.001877 0.001988 0.000286 0.000130 0.000293 -0.001496 0.000381 -0.000506 0.001453 -0.002155 0.001533 -0.000090 0.002804 -0.003824 0.006326 

--- Landmark 4 ---
Robot pos: (9.032237, -0.032781, -0.002574)
Landmark pos: (11.003164, 6.006447)
q = 40.356826, sqrt(q) = 6.352702
H matrix:
0.149646 -0.048838 -1.000000 0.000000 0.000000 0.000000 0.000000 0.000000 0.000000 0.000000 0.000000 -0.149646 0.048838 0.000000 0.000000 
-0.310250 -0.950655 0.000000 0.000000 0.000000 0.000000 0.000000 0.000000 0.000000 0.000000 0.000000 0.310250 0.950655 0.000000 0.000000 
numEntries: 15 - NUM_MEAS_TYPE: 2 
HT matrix:
0.149646 - Indice i 0 - Indice j 0 
-0.310250 - Indice i 0 - Indice j 1 

-0.048838 - Indice i 1 - Indice j 0 
-0.950655 - Indice i 1 - Indice j 1 

-1.000000 - Indice i 2 - Indice j 0 
0.000000 - Indice i 2 - Indice j 1 

0.000000 - Indice i 3 - Indice j 0 
0.000000 - Indice i 3 - Indice j 1 

0.000000 - Indice i 4 - Indice j 0 
0.000000 - Indice i 4 - Indice j 1 

0.000000 - Indice i 5 - Indice j 0 
0.000000 - Indice i 5 - Indice j 1 

0.000000 - Indice i 6 - Indice j 0 
0.000000 - Indice i 6 - Indice j 1 

0.000000 - Indice i 7 - Indice j 0 
0.000000 - Indice i 7 - Indice j 1 

0.000000 - Indice i 8 - Indice j 0 
0.000000 - Indice i 8 - Indice j 1 

0.000000 - Indice i 9 - Indice j 0 
0.000000 - Indice i 9 - Indice j 1 

0.000000 - Indice i 10 - Indice j 0 
0.000000 - Indice i 10 - Indice j 1 

-0.149646 - Indice i 11 - Indice j 0 
0.310250 - Indice i 11 - Indice j 1 

0.048838 - Indice i 12 - Indice j 0 
0.950655 - Indice i 12 - Indice j 1 

0.000000 - Indice i 13 - Indice j 0 
0.000000 - Indice i 13 - Indice j 1 

0.000000 - Indice i 14 - Indice j 0 
0.000000 - Indice i 14 - Indice j 1 

Expected (beta, range): (1.257914, 6.352702)
Measured (beta, range): (1.257600, 6.352500)

--- Diff vector ---
diff[0][0] = -0.000314
diff[1][0] = -0.000202
Temp1:
0.0005 -0.0000 0.0000 0.0001 -0.0000 0.0001 -0.0000 0.0001 -0.0000 0.0001 -0.0000 -0.0004 0.0002 -0.0000 0.0000 
-0.0082 -0.0048 -0.0009 -0.0005 -0.0001 0.0003 -0.0002 -0.0003 -0.0008 0.0012 -0.0011 0.0003 0.0027 -0.0003 0.0002 
Temp2:
0.0001 -0.0000 
-0.0000 0.0098 
Temp3:
0.0002 -0.0000 
-0.0000 0.0162 
Temp4:
4235.8445 11.5042 
11.5042 61.7702 
Temp5:
0.0005 -0.0082 
-0.0000 -0.0048 
0.0000 -0.0009 
0.0001 -0.0005 
-0.0000 -0.0001 
0.0001 0.0003 
-0.0000 -0.0002 
0.0001 -0.0003 
-0.0000 -0.0008 
0.0001 0.0012 
-0.0000 -0.0011 
-0.0004 0.0003 
0.0002 0.0027 
-0.0000 -0.0003 
0.0000 0.0002 

--- Kalman Gain ---
K[0][0] = 2.226698
K[0][1] = -0.500223
K[1][0] = -0.095604
K[1][1] = -0.297196
K[2][0] = 0.049893
K[2][1] = -0.053349
K[3][0] = 0.360208
K[3][1] = -0.032976
K[4][0] = -0.136705
K[4][1] = -0.005179
K[5][0] = 0.375764
K[5][1] = 0.019334
K[6][0] = -0.190374
K[6][1] = -0.013954
K[7][0] = 0.473492
K[7][1] = -0.019942
K[8][0] = -0.042902
K[8][1] = -0.050673
K[9][0] = 0.288983
K[9][1] = 0.072383
K[10][0] = -0.082354
K[10][1] = -0.068747
K[11][0] = -1.578563
K[11][1] = 0.016514
K[12][0] = 1.068810
K[12][1] = 0.170222
K[13][0] = -0.149831
K[13][1] = -0.019549
K[14][0] = 0.204378
K[14][1] = 0.010775

--- State Update ---
ΔX[0] = -0.000598
ΔX[1] = 0.000090
ΔX[2] = -0.000005
ΔX[3] = -0.000106
ΔX[4] = 0.000044
ΔX[5] = -0.000122
ΔX[6] = 0.000063
ΔX[7] = -0.000145
ΔX[8] = 0.000024
ΔX[9] = -0.000105
ΔX[10] = 0.000040
ΔX[11] = 0.000493
ΔX[12] = -0.000370
ΔX[13] = 0.000051
ΔX[14] = -0.000066
Temp6:
0.4884 0.3668 -2.2267 0.0000 0.0000 0.0000 0.0000 0.0000 0.0000 0.0000 0.0000 -0.4884 -0.3668 0.0000 0.0000 
0.0779 0.2872 0.0956 0.0000 0.0000 0.0000 0.0000 0.0000 0.0000 0.0000 0.0000 -0.0779 -0.2872 0.0000 0.0000 
0.0240 0.0483 -0.0499 0.0000 0.0000 0.0000 0.0000 0.0000 0.0000 0.0000 0.0000 -0.0240 -0.0483 0.0000 0.0000 
0.0641 0.0138 -0.3602 0.0000 0.0000 0.0000 0.0000 0.0000 0.0000 0.0000 0.0000 -0.0641 -0.0138 0.0000 0.0000 
-0.0189 0.0116 0.1367 0.0000 0.0000 0.0000 0.0000 0.0000 0.0000 0.0000 0.0000 0.0189 -0.0116 0.0000 0.0000 
0.0502 -0.0367 -0.3758 0.0000 0.0000 0.0000 0.0000 0.0000 0.0000 0.0000 0.0000 -0.0502 0.0367 0.0000 0.0000 
-0.0242 0.0226 0.1904 0.0000 0.0000 0.0000 0.0000 0.0000 0.0000 0.0000 0.0000 0.0242 -0.0226 0.0000 0.0000 
0.0770 -0.0042 -0.4735 0.0000 0.0000 0.0000 0.0000 0.0000 0.0000 0.0000 0.0000 -0.0770 0.0042 0.0000 0.0000 
0.0093 0.0503 0.0429 0.0000 0.0000 0.0000 0.0000 0.0000 0.0000 0.0000 0.0000 -0.0093 -0.0503 0.0000 0.0000 
0.0208 -0.0829 -0.2890 0.0000 0.0000 0.0000 0.0000 0.0000 0.0000 0.0000 0.0000 -0.0208 0.0829 0.0000 0.0000 
0.0090 0.0694 0.0824 0.0000 0.0000 0.0000 0.0000 0.0000 0.0000 0.0000 0.0000 -0.0090 -0.0694 0.0000 0.0000 
-0.2413 0.0614 1.5786 0.0000 0.0000 0.0000 0.0000 0.0000 0.0000 0.0000 0.0000 0.2413 -0.0614 0.0000 0.0000 
0.1071 -0.2140 -1.0688 0.0000 0.0000 0.0000 0.0000 0.0000 0.0000 0.0000 0.0000 -0.1071 0.2140 0.0000 0.0000 
-0.0164 0.0259 0.1498 0.0000 0.0000 0.0000 0.0000 0.0000 0.0000 0.0000 0.0000 0.0164 -0.0259 0.0000 0.0000 
0.0272 -0.0202 -0.2044 0.0000 0.0000 0.0000 0.0000 0.0000 0.0000 0.0000 0.0000 -0.0272 0.0202 0.0000 0.0000 
CovUpdate:
0.5116 -0.3668 2.2267 0.0000 0.0000 0.0000 0.0000 0.0000 0.0000 0.0000 0.0000 0.4884 0.3668 0.0000 0.0000 
-0.0779 0.7128 -0.0956 0.0000 0.0000 0.0000 0.0000 0.0000 0.0000 0.0000 0.0000 0.0779 0.2872 0.0000 0.0000 
-0.0240 -0.0483 1.0499 0.0000 0.0000 0.0000 0.0000 0.0000 0.0000 0.0000 0.0000 0.0240 0.0483 0.0000 0.0000 
-0.0641 -0.0138 0.3602 1.0000 0.0000 0.0000 0.0000 0.0000 0.0000 0.0000 0.0000 0.0641 0.0138 0.0000 0.0000 
0.0189 -0.0116 -0.1367 0.0000 1.0000 0.0000 0.0000 0.0000 0.0000 0.0000 0.0000 -0.0189 0.0116 0.0000 0.0000 
-0.0502 0.0367 0.3758 0.0000 0.0000 1.0000 0.0000 0.0000 0.0000 0.0000 0.0000 0.0502 -0.0367 0.0000 0.0000 
0.0242 -0.0226 -0.1904 0.0000 0.0000 0.0000 1.0000 0.0000 0.0000 0.0000 0.0000 -0.0242 0.0226 0.0000 0.0000 
-0.0770 0.0042 0.4735 0.0000 0.0000 0.0000 0.0000 1.0000 0.0000 0.0000 0.0000 0.0770 -0.0042 0.0000 0.0000 
-0.0093 -0.0503 -0.0429 0.0000 0.0000 0.0000 0.0000 0.0000 1.0000 0.0000 0.0000 0.0093 0.0503 0.0000 0.0000 
-0.0208 0.0829 0.2890 0.0000 0.0000 0.0000 0.0000 0.0000 0.0000 1.0000 0.0000 0.0208 -0.0829 0.0000 0.0000 
-0.0090 -0.0694 -0.0824 0.0000 0.0000 0.0000 0.0000 0.0000 0.0000 0.0000 1.0000 0.0090 0.0694 0.0000 0.0000 
0.2413 -0.0614 -1.5786 0.0000 0.0000 0.0000 0.0000 0.0000 0.0000 0.0000 0.0000 0.7587 0.0614 0.0000 0.0000 
-0.1071 0.2140 1.0688 0.0000 0.0000 0.0000 0.0000 0.0000 0.0000 0.0000 0.0000 0.1071 0.7860 0.0000 0.0000 
0.0164 -0.0259 -0.1498 0.0000 0.0000 0.0000 0.0000 0.0000 0.0000 0.0000 0.0000 -0.0164 0.0259 1.0000 0.0000 
-0.0272 0.0202 0.2044 0.0000 0.0000 0.0000 0.0000 0.0000 0.0000 0.0000 0.0000 0.0272 -0.0202 0.0000 1.0000 
Temp7:
0.0116 0.0029 0.0011 0.0020 -0.0015 -0.0004 -0.0014 0.0012 0.0004 -0.0019 0.0007 0.0023 0.0026 -0.0007 0.0019 
0.0029 0.0038 0.0004 0.0000 0.0008 -0.0013 0.0009 -0.0005 0.0018 -0.0020 0.0019 -0.0001 0.0028 -0.0011 0.0020 
0.0011 0.0004 0.0002 0.0001 -0.0002 -0.0003 -0.0001 -0.0001 0.0001 -0.0005 0.0001 0.0001 0.0004 -0.0002 0.0003 
0.0020 0.0000 0.0001 0.0024 -0.0002 0.0009 -0.0004 0.0011 -0.0001 0.0007 -0.0001 0.0012 0.0001 0.0007 0.0001 
-0.0015 0.0008 -0.0002 -0.0002 0.0028 0.0002 0.0012 -0.0001 0.0008 0.0005 0.0008 -0.0003 0.0004 0.0003 0.0003 
-0.0004 -0.0013 -0.0003 0.0009 0.0002 0.0056 0.0003 0.0014 -0.0007 0.0025 -0.0008 0.0010 -0.0017 0.0019 -0.0015 
-0.0014 0.0009 -0.0001 -0.0004 0.0012 0.0003 0.0029 -0.0003 0.0009 0.0002 0.0009 -0.0005 0.0005 0.0001 0.0004 
0.0012 -0.0005 -0.0001 0.0011 -0.0001 0.0014 -0.0003 0.0031 -0.0005 0.0015 -0.0004 0.0013 -0.0006 0.0012 -0.0005 
0.0004 0.0018 0.0001 -0.0001 0.0008 -0.0007 0.0009 -0.0005 0.0029 -0.0009 0.0013 -0.0003 0.0016 -0.0007 0.0015 
-0.0019 -0.0020 -0.0005 0.0007 0.0005 0.0025 0.0002 0.0015 -0.0009 0.0080 -0.0016 0.0009 -0.0024 0.0025 -0.0022 
0.0007 0.0019 0.0001 -0.0001 0.0008 -0.0008 0.0009 -0.0004 0.0013 -0.0016 0.0031 -0.0003 0.0018 -0.0008 0.0015 
0.0023 -0.0001 0.0001 0.0012 -0.0003 0.0010 -0.0005 0.0013 -0.0003 0.0009 -0.0003 0.0029 -0.0002 0.0008 -0.0000 
0.0026 0.0028 0.0004 0.0001 0.0004 -0.0017 0.0005 -0.0006 0.0016 -0.0024 0.0018 -0.0002 0.0049 -0.0017 0.0027 
-0.0007 -0.0011 -0.0002 0.0007 0.0003 0.0019 0.0001 0.0012 -0.0007 0.0025 -0.0008 0.0008 -0.0017 0.0074 -0.0038 
0.0019 0.0020 0.0003 0.0001 0.0003 -0.0015 0.0004 -0.0005 0.0015 -0.0022 0.0015 -0.0000 0.0027 -0.0038 0.0063 
Matriz P después de update:
0.011563 0.002936 0.001141 0.002000 -0.001484 -0.000406 -0.001403 0.001246 0.000376 -0.001927 0.000700 0.002333 0.002581 -0.000661 0.001853 
0.002936 0.003832 0.000422 0.000045 0.000791 -0.001337 0.000910 -0.000489 0.001756 -0.002012 0.001910 -0.000147 0.002838 -0.001116 0.002042 
0.001141 0.000422 0.000155 0.000078 -0.000178 -0.000272 -0.000139 -0.000057 0.000096 -0.000473 0.000148 0.000069 0.000413 -0.000229 0.000293 
0.002000 0.000045 0.000078 0.002367 -0.000225 0.000889 -0.000358 0.001128 -0.000147 0.000726 -0.000129 0.001243 0.000070 0.000720 0.000118 
-0.001484 0.000791 -0.000178 -0.000225 0.002802 0.000212 0.001219 -0.000103 0.000846 0.000480 0.000795 -0.000336 0.000382 0.000302 0.000300 
-0.000406 -0.001337 -0.000272 0.000889 0.000212 0.005574 0.000259 0.001389 -0.000730 0.002525 -0.000822 0.001046 -0.001681 0.001947 -0.001517 
-0.001403 0.000910 -0.000139 -0.000358 0.001219 0.000259 0.002926 -0.000265 0.000899 0.000240 0.000865 -0.000476 0.000514 0.000144 0.000392 
0.001246 -0.000489 -0.000057 0.001128 -0.000103 0.001389 -0.000265 0.003137 -0.000538 0.001465 -0.000431 0.001263 -0.000629 0.001207 -0.000525 
0.000376 0.001756 0.000096 -0.000147 0.000846 -0.000730 0.000899 -0.000538 0.002938 -0.000945 0.001264 -0.000281 0.001630 -0.000708 0.001463 
-0.001927 -0.002012 -0.000473 0.000726 0.000480 0.002525 0.000240 0.001465 -0.000945 0.007987 -0.001631 0.000900 -0.002447 0.002453 -0.002181 
0.000700 0.001910 0.000148 -0.000129 0.000795 -0.000822 0.000865 -0.000431 0.001264 -0.001631 0.003071 -0.000279 0.001767 -0.000770 0.001549 
0.002333 -0.000147 0.000069 0.001243 -0.000336 0.001046 -0.000476 0.001263 -0.000281 0.000900 -0.000279 0.002904 -0.000222 0.000773 -0.000017 
0.002581 0.002838 0.000413 0.000070 0.000382 -0.001681 0.000514 -0.000629 0.001630 -0.002447 0.001767 -0.000222 0.004898 -0.001715 0.002725 
-0.000661 -0.001116 -0.000229 0.000720 0.000302 0.001947 0.000144 0.001207 -0.000708 0.002453 -0.000770 0.000773 -0.001715 0.007372 -0.003813 
0.001853 0.002042 0.000293 0.000118 0.000300 -0.001517 0.000392 -0.000525 0.001463 -0.002181 0.001549 -0.000017 0.002725 -0.003813 0.006315 

--- Landmark 5 ---
Robot pos: (9.031639, -0.032691, -0.002579)
Landmark pos: (11.000225, 12.003763)
q = 148.751572, sqrt(q) = 12.196375
H matrix:
0.080916 -0.013234 -1.000000 0.000000 0.000000 0.000000 0.000000 0.000000 0.000000 0.000000 0.000000 0.000000 0.000000 -0.080916 0.013234 
-0.161407 -0.986888 0.000000 0.000000 0.000000 0.000000 0.000000 0.000000 0.000000 0.000000 0.000000 0.000000 0.000000 0.161407 0.986888 
numEntries: 15 - NUM_MEAS_TYPE: 2 
HT matrix:
0.080916 - Indice i 0 - Indice j 0 
-0.161407 - Indice i 0 - Indice j 1 

-0.013234 - Indice i 1 - Indice j 0 
-0.986888 - Indice i 1 - Indice j 1 

-1.000000 - Indice i 2 - Indice j 0 
0.000000 - Indice i 2 - Indice j 1 

0.000000 - Indice i 3 - Indice j 0 
0.000000 - Indice i 3 - Indice j 1 

0.000000 - Indice i 4 - Indice j 0 
0.000000 - Indice i 4 - Indice j 1 

0.000000 - Indice i 5 - Indice j 0 
0.000000 - Indice i 5 - Indice j 1 

0.000000 - Indice i 6 - Indice j 0 
0.000000 - Indice i 6 - Indice j 1 

0.000000 - Indice i 7 - Indice j 0 
0.000000 - Indice i 7 - Indice j 1 

0.000000 - Indice i 8 - Indice j 0 
0.000000 - Indice i 8 - Indice j 1 

0.000000 - Indice i 9 - Indice j 0 
0.000000 - Indice i 9 - Indice j 1 

0.000000 - Indice i 10 - Indice j 0 
0.000000 - Indice i 10 - Indice j 1 

0.000000 - Indice i 11 - Indice j 0 
0.000000 - Indice i 11 - Indice j 1 

0.000000 - Indice i 12 - Indice j 0 
0.000000 - Indice i 12 - Indice j 1 

-0.080916 - Indice i 13 - Indice j 0 
0.161407 - Indice i 13 - Indice j 1 

0.013234 - Indice i 14 - Indice j 0 
0.986888 - Indice i 14 - Indice j 1 

Expected (beta, range): (1.411258, 12.196375)
Measured (beta, range): (1.411300, 12.196500)

--- Diff vector ---
diff[0][0] = 0.000042
diff[1][0] = 0.000125
Temp1:
-0.0002 -0.0001 -0.0000 0.0000 0.0000 0.0001 0.0000 0.0001 -0.0000 0.0001 -0.0000 0.0001 -0.0001 -0.0005 0.0002 
-0.0030 -0.0024 -0.0003 -0.0001 -0.0002 0.0002 -0.0003 -0.0000 -0.0005 0.0005 -0.0006 -0.0001 -0.0008 -0.0014 0.0033 
Temp2:
0.0001 0.0003 
0.0003 0.0059 
Temp3:
0.0002 0.0003 
0.0003 0.0123 
Temp4:
5984.1490 -140.4484 
-140.4484 84.4765 
Temp5:
-0.0002 -0.0030 
-0.0001 -0.0024 
-0.0000 -0.0003 
0.0000 -0.0001 
0.0000 -0.0002 
0.0001 0.0002 
0.0000 -0.0003 
0.0001 -0.0000 
-0.0000 -0.0005 
0.0001 0.0005 
-0.0000 -0.0006 
0.0001 -0.0001 
-0.0001 -0.0008 
-0.0005 -0.0014 
0.0002 0.0033 

--- Kalman Gain ---
K[0][0] = -0.568319
K[0][1] = -0.233598
K[1][0] = -0.367396
K[1][1] = -0.187892
K[2][0] = -0.225560
K[2][1] = -0.023037
K[3][0] = 0.175206
K[3][1] = -0.014998
K[4][0] = 0.189383
K[4][1] = -0.020399
K[5][0] = 0.443338
K[5][1] = 0.005994
K[6][0] = 0.078698
K[6][1] = -0.023122
K[7][0] = 0.361918
K[7][1] = -0.011934
K[8][0] = -0.010287
K[8][1] = -0.037457
K[9][0] = 0.621977
K[9][1] = 0.029229
K[10][0] = -0.118171
K[10][1] = -0.045425
K[11][0] = 0.371248
K[11][1] = -0.018761
K[12][0] = -0.288223
K[12][1] = -0.058553
K[13][0] = -2.541956
K[13][1] = -0.051216
K[14][0] = 0.866209
K[14][1] = 0.247733

--- State Update ---
ΔX[0] = -0.000053
ΔX[1] = -0.000039
ΔX[2] = -0.000012
ΔX[3] = 0.000005
ΔX[4] = 0.000005
ΔX[5] = 0.000019
ΔX[6] = 0.000000
ΔX[7] = 0.000014
ΔX[8] = -0.000005
ΔX[9] = 0.000029
ΔX[10] = -0.000011
ΔX[11] = 0.000013
ΔX[12] = -0.000019
ΔX[13] = -0.000112
ΔX[14] = 0.000067
Temp6:
-0.0083 0.2381 0.5683 0.0000 0.0000 0.0000 0.0000 0.0000 0.0000 0.0000 0.0000 0.0000 0.0000 0.0083 -0.2381 
0.0006 0.1903 0.3674 0.0000 0.0000 0.0000 0.0000 0.0000 0.0000 0.0000 0.0000 0.0000 0.0000 -0.0006 -0.1903 
-0.0145 0.0257 0.2256 0.0000 0.0000 0.0000 0.0000 0.0000 0.0000 0.0000 0.0000 0.0000 0.0000 0.0145 -0.0257 
0.0166 0.0125 -0.1752 0.0000 0.0000 0.0000 0.0000 0.0000 0.0000 0.0000 0.0000 0.0000 0.0000 -0.0166 -0.0125 
0.0186 0.0176 -0.1894 0.0000 0.0000 0.0000 0.0000 0.0000 0.0000 0.0000 0.0000 0.0000 0.0000 -0.0186 -0.0176 
0.0349 -0.0118 -0.4433 0.0000 0.0000 0.0000 0.0000 0.0000 0.0000 0.0000 0.0000 0.0000 0.0000 -0.0349 0.0118 
0.0101 0.0218 -0.0787 0.0000 0.0000 0.0000 0.0000 0.0000 0.0000 0.0000 0.0000 0.0000 0.0000 -0.0101 -0.0218 
0.0312 0.0070 -0.3619 0.0000 0.0000 0.0000 0.0000 0.0000 0.0000 0.0000 0.0000 0.0000 0.0000 -0.0312 -0.0070 
0.0052 0.0371 0.0103 0.0000 0.0000 0.0000 0.0000 0.0000 0.0000 0.0000 0.0000 0.0000 0.0000 -0.0052 -0.0371 
0.0456 -0.0371 -0.6220 0.0000 0.0000 0.0000 0.0000 0.0000 0.0000 0.0000 0.0000 0.0000 0.0000 -0.0456 0.0371 
-0.0022 0.0464 0.1182 0.0000 0.0000 0.0000 0.0000 0.0000 0.0000 0.0000 0.0000 0.0000 0.0000 0.0022 -0.0464 
0.0331 0.0136 -0.3712 0.0000 0.0000 0.0000 0.0000 0.0000 0.0000 0.0000 0.0000 0.0000 0.0000 -0.0331 -0.0136 
-0.0139 0.0616 0.2882 0.0000 0.0000 0.0000 0.0000 0.0000 0.0000 0.0000 0.0000 0.0000 0.0000 0.0139 -0.0616 
-0.1974 0.0842 2.5420 0.0000 0.0000 0.0000 0.0000 0.0000 0.0000 0.0000 0.0000 0.0000 0.0000 0.1974 -0.0842 
0.0301 -0.2559 -0.8662 0.0000 0.0000 0.0000 0.0000 0.0000 0.0000 0.0000 0.0000 0.0000 0.0000 -0.0301 0.2559 
CovUpdate:
1.0083 -0.2381 -0.5683 0.0000 0.0000 0.0000 0.0000 0.0000 0.0000 0.0000 0.0000 0.0000 0.0000 -0.0083 0.2381 
-0.0006 0.8097 -0.3674 0.0000 0.0000 0.0000 0.0000 0.0000 0.0000 0.0000 0.0000 0.0000 0.0000 0.0006 0.1903 
0.0145 -0.0257 0.7744 0.0000 0.0000 0.0000 0.0000 0.0000 0.0000 0.0000 0.0000 0.0000 0.0000 -0.0145 0.0257 
-0.0166 -0.0125 0.1752 1.0000 0.0000 0.0000 0.0000 0.0000 0.0000 0.0000 0.0000 0.0000 0.0000 0.0166 0.0125 
-0.0186 -0.0176 0.1894 0.0000 1.0000 0.0000 0.0000 0.0000 0.0000 0.0000 0.0000 0.0000 0.0000 0.0186 0.0176 
-0.0349 0.0118 0.4433 0.0000 0.0000 1.0000 0.0000 0.0000 0.0000 0.0000 0.0000 0.0000 0.0000 0.0349 -0.0118 
-0.0101 -0.0218 0.0787 0.0000 0.0000 0.0000 1.0000 0.0000 0.0000 0.0000 0.0000 0.0000 0.0000 0.0101 0.0218 
-0.0312 -0.0070 0.3619 0.0000 0.0000 0.0000 0.0000 1.0000 0.0000 0.0000 0.0000 0.0000 0.0000 0.0312 0.0070 
-0.0052 -0.0371 -0.0103 0.0000 0.0000 0.0000 0.0000 0.0000 1.0000 0.0000 0.0000 0.0000 0.0000 0.0052 0.0371 
-0.0456 0.0371 0.6220 0.0000 0.0000 0.0000 0.0000 0.0000 0.0000 1.0000 0.0000 0.0000 0.0000 0.0456 -0.0371 
0.0022 -0.0464 -0.1182 0.0000 0.0000 0.0000 0.0000 0.0000 0.0000 0.0000 1.0000 0.0000 0.0000 -0.0022 0.0464 
-0.0331 -0.0136 0.3712 0.0000 0.0000 0.0000 0.0000 0.0000 0.0000 0.0000 0.0000 1.0000 0.0000 0.0331 0.0136 
0.0139 -0.0616 -0.2882 0.0000 0.0000 0.0000 0.0000 0.0000 0.0000 0.0000 0.0000 0.0000 1.0000 -0.0139 0.0616 
0.1974 -0.0842 -2.5420 0.0000 0.0000 0.0000 0.0000 0.0000 0.0000 0.0000 0.0000 0.0000 0.0000 0.8026 0.0842 
-0.0301 0.2559 0.8662 0.0000 0.0000 0.0000 0.0000 0.0000 0.0000 0.0000 0.0000 0.0000 0.0000 0.0301 0.7441 
Temp7:
0.0108 0.0023 0.0010 0.0020 -0.0015 -0.0003 -0.0015 0.0013 0.0003 -0.0017 0.0005 0.0023 0.0024 -0.0012 0.0028 
0.0023 0.0033 0.0003 0.0000 0.0008 -0.0013 0.0009 -0.0005 0.0017 -0.0019 0.0018 -0.0001 0.0027 -0.0015 0.0027 
0.0010 0.0003 0.0001 0.0001 -0.0002 -0.0002 -0.0001 -0.0000 0.0001 -0.0004 0.0001 0.0001 0.0004 -0.0004 0.0004 
0.0020 0.0000 0.0001 0.0024 -0.0002 0.0009 -0.0004 0.0011 -0.0002 0.0007 -0.0001 0.0012 0.0001 0.0008 0.0001 
-0.0015 0.0008 -0.0002 -0.0002 0.0028 0.0002 0.0012 -0.0001 0.0008 0.0005 0.0008 -0.0004 0.0004 0.0004 0.0003 
-0.0003 -0.0013 -0.0002 0.0009 0.0002 0.0055 0.0003 0.0014 -0.0007 0.0025 -0.0008 0.0010 -0.0016 0.0022 -0.0016 
-0.0015 0.0009 -0.0001 -0.0004 0.0012 0.0003 0.0029 -0.0003 0.0009 0.0002 0.0009 -0.0005 0.0005 0.0001 0.0005 
0.0013 -0.0005 -0.0000 0.0011 -0.0001 0.0014 -0.0003 0.0031 -0.0005 0.0014 -0.0004 0.0012 -0.0006 0.0014 -0.0006 
0.0003 0.0017 0.0001 -0.0002 0.0008 -0.0007 0.0009 -0.0005 0.0029 -0.0009 0.0012 -0.0003 0.0016 -0.0008 0.0016 
-0.0017 -0.0019 -0.0004 0.0007 0.0005 0.0025 0.0002 0.0014 -0.0009 0.0079 -0.0016 0.0009 -0.0024 0.0028 -0.0024 
0.0005 0.0018 0.0001 -0.0001 0.0008 -0.0008 0.0009 -0.0004 0.0012 -0.0016 0.0030 -0.0003 0.0017 -0.0009 0.0017 
0.0023 -0.0001 0.0001 0.0012 -0.0004 0.0010 -0.0005 0.0012 -0.0003 0.0009 -0.0003 0.0029 -0.0002 0.0009 -0.0000 
0.0024 0.0027 0.0004 0.0001 0.0004 -0.0016 0.0005 -0.0006 0.0016 -0.0024 0.0017 -0.0002 0.0048 -0.0019 0.0030 
-0.0012 -0.0015 -0.0004 0.0008 0.0004 0.0022 0.0001 0.0014 -0.0008 0.0028 -0.0009 0.0009 -0.0019 0.0061 -0.0031 
0.0028 0.0027 0.0004 0.0001 0.0003 -0.0016 0.0005 -0.0006 0.0016 -0.0024 0.0017 -0.0000 0.0030 -0.0031 0.0053 
Matriz P después de update:
0.010758 0.002303 0.001034 0.001983 -0.001515 -0.000314 -0.001460 0.001270 0.000261 -0.001734 0.000542 0.002338 0.002355 -0.001240 0.002751 
0.002303 0.003334 0.000340 0.000029 0.000764 -0.001270 0.000864 -0.000475 0.001665 -0.001867 0.001786 -0.000149 0.002662 -0.001540 0.002744 
0.001034 0.000340 0.000137 0.000081 -0.000177 -0.000249 -0.000143 -0.000044 0.000083 -0.000434 0.000127 0.000079 0.000379 -0.000363 0.000419 
0.001983 0.000029 0.000081 0.002360 -0.000233 0.000878 -0.000363 0.001117 -0.000152 0.000714 -0.000132 0.001231 0.000069 0.000780 0.000129 
-0.001515 0.000764 -0.000177 -0.000233 0.002793 0.000202 0.001212 -0.000115 0.000839 0.000469 0.000789 -0.000350 0.000378 0.000361 0.000325 
-0.000314 -0.001270 -0.000249 0.000878 0.000202 0.005537 0.000257 0.001363 -0.000722 0.002470 -0.000804 0.001021 -0.001646 0.002158 -0.001636 
-0.001460 0.000864 -0.000143 -0.000363 0.001212 0.000257 0.002920 -0.000271 0.000889 0.000243 0.000853 -0.000484 0.000501 0.000148 0.000451 
0.001270 -0.000475 -0.000044 0.001117 -0.000115 0.001363 -0.000271 0.003115 -0.000539 0.001429 -0.000426 0.001240 -0.000614 0.001356 -0.000567 
0.000261 0.001665 0.000083 -0.000152 0.000839 -0.000722 0.000889 -0.000539 0.002921 -0.000924 0.001241 -0.000285 0.001599 -0.000764 0.001589 
-0.001734 -0.001867 -0.000434 0.000714 0.000469 0.002470 0.000243 0.001429 -0.000924 0.007898 -0.001593 0.000867 -0.002382 0.002777 -0.002416 
0.000542 0.001786 0.000127 -0.000132 0.000789 -0.000804 0.000853 -0.000426 0.001241 -0.001593 0.003040 -0.000278 0.001722 -0.000886 0.001725 
0.002338 -0.000149 0.000079 0.001231 -0.000350 0.001021 -0.000484 0.001240 -0.000285 0.000867 -0.000278 0.002879 -0.000212 0.000917 -0.000038 
0.002355 0.002662 0.000379 0.000069 0.000378 -0.001646 0.000501 -0.000614 0.001599 -0.002382 0.001722 -0.000212 0.004832 -0.001927 0.002982 
-0.001240 -0.001540 -0.000363 0.000780 0.000361 0.002158 0.000148 0.001356 -0.000764 0.002777 -0.000886 0.000917 -0.001927 0.006140 -0.003079 
0.002751 0.002744 0.000419 0.000129 0.000325 -0.001636 0.000451 -0.000567 0.001589 -0.002416 0.001725 -0.000038 0.002982 -0.003079 0.005304 
Size = 2 
Size = 12 

--- UPDATE ---

--- Landmark 0 ---
Robot pos: (12.031576, -0.040503, -0.002591)
Landmark pos: (2.999287, 6.000263)
q = 118.073115, sqrt(q) = 10.866145
H matrix:
0.051161 0.076497 -1.000000 -0.051161 -0.076497 0.000000 0.000000 0.000000 0.000000 0.000000 0.000000 0.000000 0.000000 0.000000 0.000000 
0.831232 -0.555925 0.000000 -0.831232 0.555925 0.000000 0.000000 0.000000 0.000000 0.000000 0.000000 0.000000 0.000000 0.000000 0.000000 
numEntries: 15 - NUM_MEAS_TYPE: 2 
HT matrix:
0.051161 - Indice i 0 - Indice j 0 
0.831232 - Indice i 0 - Indice j 1 

0.076497 - Indice i 1 - Indice j 0 
-0.555925 - Indice i 1 - Indice j 1 

-1.000000 - Indice i 2 - Indice j 0 
0.000000 - Indice i 2 - Indice j 1 

-0.051161 - Indice i 3 - Indice j 0 
-0.831232 - Indice i 3 - Indice j 1 

-0.076497 - Indice i 4 - Indice j 0 
0.555925 - Indice i 4 - Indice j 1 

0.000000 - Indice i 5 - Indice j 0 
0.000000 - Indice i 5 - Indice j 1 

0.000000 - Indice i 6 - Indice j 0 
0.000000 - Indice i 6 - Indice j 1 

0.000000 - Indice i 7 - Indice j 0 
0.000000 - Indice i 7 - Indice j 1 

0.000000 - Indice i 8 - Indice j 0 
0.000000 - Indice i 8 - Indice j 1 

0.000000 - Indice i 9 - Indice j 0 
0.000000 - Indice i 9 - Indice j 1 

0.000000 - Indice i 10 - Indice j 0 
0.000000 - Indice i 10 - Indice j 1 

0.000000 - Indice i 11 - Indice j 0 
0.000000 - Indice i 11 - Indice j 1 

0.000000 - Indice i 12 - Indice j 0 
0.000000 - Indice i 12 - Indice j 1 

0.000000 - Indice i 13 - Indice j 0 
0.000000 - Indice i 13 - Indice j 1 

0.000000 - Indice i 14 - Indice j 0 
0.000000 - Indice i 14 - Indice j 1 

Expected (beta, range): (2.554708, 10.866145)
Measured (beta, range): (2.561400, 10.865900)

--- Diff vector ---
diff[0][0] = 0.006692
diff[1][0] = -0.000245
Temp1:
0.0031 0.0007 -0.0100 -0.0001 -0.0000 0.0001 0.0001 0.0000 0.0000 0.0001 -0.0000 -0.0000 -0.0001 0.0001 -0.0001 
0.0555 -0.0044 0.0003 -0.0005 0.0001 -0.0002 -0.0007 0.0003 -0.0001 -0.0007 0.0000 0.0008 0.0006 -0.0006 0.0008 
Temp2:
0.0102 0.0022 
0.0022 0.0490 
Temp3:
0.0103 0.0022 
0.0022 0.0554 
Temp4:
97.5605 -3.9436 
-3.9436 18.2072 
Temp5:
0.0031 0.0555 
0.0007 -0.0044 
-0.0100 0.0003 
-0.0001 -0.0005 
-0.0000 0.0001 
0.0001 -0.0002 
0.0001 -0.0007 
0.0000 0.0003 
0.0000 -0.0001 
0.0001 -0.0007 
-0.0000 0.0000 
-0.0000 0.0008 
-0.0001 0.0006 
0.0001 -0.0006 
-0.0001 0.0008 

--- Kalman Gain ---
K[0][0] = 0.086747
K[0][1] = 0.997874
K[1][0] = 0.088767
K[1][1] = -0.083826
K[2][0] = -0.978357
K[2][1] = 0.044557
K[3][0] = -0.006036
K[3][1] = -0.008039
K[4][0] = -0.004564
K[4][1] = 0.001307
K[5][0] = 0.008057
K[5][1] = -0.003433
K[6][0] = 0.008752
K[6][1] = -0.013308
K[7][0] = 0.001119
K[7][1] = 0.005853
K[8][0] = 0.000589
K[8][1] = -0.002122
K[9][0] = 0.015630
K[9][1] = -0.013911
K[10][0] = -0.001565
K[10][1] = 0.000170
K[11][0] = -0.003901
K[11][1] = 0.014741
K[12][0] = -0.011059
K[12][1] = 0.011820
K[13][0] = 0.013631
K[13][1] = -0.011774
K[14][0] = -0.013031
K[14][1] = 0.015595

--- State Update ---
ΔX[0] = 0.000336
ΔX[1] = 0.000615
ΔX[2] = -0.006558
ΔX[3] = -0.000038
ΔX[4] = -0.000031
ΔX[5] = 0.000055
ΔX[6] = 0.000062
ΔX[7] = 0.000006
ΔX[8] = 0.000004
ΔX[9] = 0.000108
ΔX[10] = -0.000011
ΔX[11] = -0.000030
ΔX[12] = -0.000077
ΔX[13] = 0.000094
ΔX[14] = -0.000091
Temp6:
0.8339 -0.5481 -0.0867 -0.8339 0.5481 0.0000 0.0000 0.0000 0.0000 0.0000 0.0000 0.0000 0.0000 0.0000 0.0000 
-0.0651 0.0534 -0.0888 0.0651 -0.0534 0.0000 0.0000 0.0000 0.0000 0.0000 0.0000 0.0000 0.0000 0.0000 0.0000 
-0.0130 -0.0996 0.9784 0.0130 0.0996 0.0000 0.0000 0.0000 0.0000 0.0000 0.0000 0.0000 0.0000 0.0000 0.0000 
-0.0070 0.0040 0.0060 0.0070 -0.0040 0.0000 0.0000 0.0000 0.0000 0.0000 0.0000 0.0000 0.0000 0.0000 0.0000 
0.0009 -0.0011 0.0046 -0.0009 0.0011 0.0000 0.0000 0.0000 0.0000 0.0000 0.0000 0.0000 0.0000 0.0000 0.0000 
-0.0024 0.0025 -0.0081 0.0024 -0.0025 0.0000 0.0000 0.0000 0.0000 0.0000 0.0000 0.0000 0.0000 0.0000 0.0000 
-0.0106 0.0081 -0.0088 0.0106 -0.0081 0.0000 0.0000 0.0000 0.0000 0.0000 0.0000 0.0000 0.0000 0.0000 0.0000 
0.0049 -0.0032 -0.0011 -0.0049 0.0032 0.0000 0.0000 0.0000 0.0000 0.0000 0.0000 0.0000 0.0000 0.0000 0.0000 
-0.0017 0.0012 -0.0006 0.0017 -0.0012 0.0000 0.0000 0.0000 0.0000 0.0000 0.0000 0.0000 0.0000 0.0000 0.0000 
-0.0108 0.0089 -0.0156 0.0108 -0.0089 0.0000 0.0000 0.0000 0.0000 0.0000 0.0000 0.0000 0.0000 0.0000 0.0000 
0.0001 -0.0002 0.0016 -0.0001 0.0002 0.0000 0.0000 0.0000 0.0000 0.0000 0.0000 0.0000 0.0000 0.0000 0.0000 
0.0121 -0.0085 0.0039 -0.0121 0.0085 0.0000 0.0000 0.0000 0.0000 0.0000 0.0000 0.0000 0.0000 0.0000 0.0000 
0.0093 -0.0074 0.0111 -0.0093 0.0074 0.0000 0.0000 0.0000 0.0000 0.0000 0.0000 0.0000 0.0000 0.0000 0.0000 
-0.0091 0.0076 -0.0136 0.0091 -0.0076 0.0000 0.0000 0.0000 0.0000 0.0000 0.0000 0.0000 0.0000 0.0000 0.0000 
0.0123 -0.0097 0.0130 -0.0123 0.0097 0.0000 0.0000 0.0000 0.0000 0.0000 0.0000 0.0000 0.0000 0.0000 0.0000 
CovUpdate:
0.1661 0.5481 0.0867 0.8339 -0.5481 0.0000 0.0000 0.0000 0.0000 0.0000 0.0000 0.0000 0.0000 0.0000 0.0000 
0.0651 0.9466 0.0888 -0.0651 0.0534 0.0000 0.0000 0.0000 0.0000 0.0000 0.0000 0.0000 0.0000 0.0000 0.0000 
0.0130 0.0996 0.0216 -0.0130 -0.0996 0.0000 0.0000 0.0000 0.0000 0.0000 0.0000 0.0000 0.0000 0.0000 0.0000 
0.0070 -0.0040 -0.0060 0.9930 0.0040 0.0000 0.0000 0.0000 0.0000 0.0000 0.0000 0.0000 0.0000 0.0000 0.0000 
-0.0009 0.0011 -0.0046 0.0009 0.9989 0.0000 0.0000 0.0000 0.0000 0.0000 0.0000 0.0000 0.0000 0.0000 0.0000 
0.0024 -0.0025 0.0081 -0.0024 0.0025 1.0000 0.0000 0.0000 0.0000 0.0000 0.0000 0.0000 0.0000 0.0000 0.0000 
0.0106 -0.0081 0.0088 -0.0106 0.0081 0.0000 1.0000 0.0000 0.0000 0.0000 0.0000 0.0000 0.0000 0.0000 0.0000 
-0.0049 0.0032 0.0011 0.0049 -0.0032 0.0000 0.0000 1.0000 0.0000 0.0000 0.0000 0.0000 0.0000 0.0000 0.0000 
0.0017 -0.0012 0.0006 -0.0017 0.0012 0.0000 0.0000 0.0000 1.0000 0.0000 0.0000 0.0000 0.0000 0.0000 0.0000 
0.0108 -0.0089 0.0156 -0.0108 0.0089 0.0000 0.0000 0.0000 0.0000 1.0000 0.0000 0.0000 0.0000 0.0000 0.0000 
-0.0001 0.0002 -0.0016 0.0001 -0.0002 0.0000 0.0000 0.0000 0.0000 0.0000 1.0000 0.0000 0.0000 0.0000 0.0000 
-0.0121 0.0085 -0.0039 0.0121 -0.0085 0.0000 0.0000 0.0000 0.0000 0.0000 0.0000 1.0000 0.0000 0.0000 0.0000 
-0.0093 0.0074 -0.0111 0.0093 -0.0074 0.0000 0.0000 0.0000 0.0000 0.0000 0.0000 0.0000 1.0000 0.0000 0.0000 
0.0091 -0.0076 0.0136 -0.0091 0.0076 0.0000 0.0000 0.0000 0.0000 0.0000 0.0000 0.0000 0.0000 1.0000 0.0000 
-0.0123 0.0097 -0.0130 0.0123 -0.0097 0.0000 0.0000 0.0000 0.0000 0.0000 0.0000 0.0000 0.0000 0.0000 1.0000 
Temp7:
0.0176 0.0096 0.0016 0.0024 -0.0016 -0.0001 -0.0007 0.0009 0.0004 -0.0010 0.0005 0.0015 0.0017 -0.0006 0.0019 
0.0096 0.0162 0.0017 -0.0000 0.0008 -0.0013 0.0008 -0.0004 0.0017 -0.0019 0.0018 -0.0001 0.0027 -0.0016 0.0028 
0.0016 0.0017 0.0003 0.0000 -0.0002 -0.0002 -0.0001 -0.0000 0.0001 -0.0003 0.0001 0.0000 0.0003 -0.0002 0.0003 
0.0024 -0.0000 0.0000 0.0024 -0.0002 0.0009 -0.0004 0.0011 -0.0002 0.0007 -0.0001 0.0012 0.0001 0.0008 0.0001 
-0.0016 0.0008 -0.0002 -0.0002 0.0028 0.0002 0.0012 -0.0001 0.0008 0.0005 0.0008 -0.0004 0.0004 0.0004 0.0003 
-0.0001 -0.0013 -0.0002 0.0009 0.0002 0.0055 0.0003 0.0014 -0.0007 0.0025 -0.0008 0.0010 -0.0016 0.0022 -0.0016 
-0.0007 0.0008 -0.0001 -0.0004 0.0012 0.0003 0.0029 -0.0003 0.0009 0.0002 0.0009 -0.0005 0.0005 0.0001 0.0005 
0.0009 -0.0004 -0.0000 0.0011 -0.0001 0.0014 -0.0003 0.0031 -0.0005 0.0014 -0.0004 0.0012 -0.0006 0.0014 -0.0006 
0.0004 0.0017 0.0001 -0.0002 0.0008 -0.0007 0.0009 -0.0005 0.0029 -0.0009 0.0012 -0.0003 0.0016 -0.0008 0.0016 
-0.0010 -0.0019 -0.0003 0.0007 0.0005 0.0025 0.0002 0.0014 -0.0009 0.0079 -0.0016 0.0009 -0.0024 0.0028 -0.0024 
0.0005 0.0018 0.0001 -0.0001 0.0008 -0.0008 0.0009 -0.0004 0.0012 -0.0016 0.0030 -0.0003 0.0017 -0.0009 0.0017 
0.0015 -0.0001 0.0000 0.0012 -0.0004 0.0010 -0.0005 0.0012 -0.0003 0.0009 -0.0003 0.0029 -0.0002 0.0009 -0.0001 
0.0017 0.0027 0.0003 0.0001 0.0004 -0.0016 0.0005 -0.0006 0.0016 -0.0024 0.0017 -0.0002 0.0048 -0.0019 0.0030 
-0.0006 -0.0016 -0.0002 0.0008 0.0004 0.0022 0.0001 0.0014 -0.0008 0.0028 -0.0009 0.0009 -0.0019 0.0061 -0.0031 
0.0019 0.0028 0.0003 0.0001 0.0003 -0.0016 0.0005 -0.0006 0.0016 -0.0024 0.0017 -0.0001 0.0030 -0.0031 0.0053 
Matriz P después de update:
0.017635 0.009647 0.001627 0.002448 -0.001573 -0.000148 -0.000749 0.000941 0.000377 -0.001012 0.000538 0.001532 0.001733 -0.000629 0.001926 
0.009647 0.016166 0.001662 -0.000002 0.000773 -0.001291 0.000798 -0.000450 0.001655 -0.001941 0.001788 -0.000080 0.002722 -0.001602 0.002823 
0.001627 0.001662 0.000324 0.000023 -0.000223 -0.000168 -0.000052 -0.000035 0.000089 -0.000274 0.000111 0.000036 0.000265 -0.000224 0.000284 
0.002448 -0.000002 0.000023 0.002356 -0.000232 0.000877 -0.000369 0.001120 -0.000153 0.000708 -0.000132 0.001238 0.000074 0.000776 0.000135 
-0.001573 0.000773 -0.000223 -0.000232 0.002793 0.000202 0.001214 -0.000116 0.000839 0.000471 0.000789 -0.000351 0.000377 0.000362 0.000324 
-0.000148 -0.001291 -0.000168 0.000877 0.000202 0.005536 0.000254 0.001364 -0.000722 0.002466 -0.000803 0.001023 -0.001643 0.002155 -0.001632 
-0.000749 0.000798 -0.000052 -0.000369 0.001214 0.000254 0.002910 -0.000267 0.000888 0.000232 0.000854 -0.000473 0.000510 0.000139 0.000463 
0.000941 -0.000450 -0.000035 0.001120 -0.000116 0.001364 -0.000267 0.003113 -0.000538 0.001433 -0.000426 0.001236 -0.000618 0.001359 -0.000571 
0.000377 0.001655 0.000089 -0.000153 0.000839 -0.000722 0.000888 -0.000538 0.002921 -0.000925 0.001241 -0.000283 0.001600 -0.000765 0.001591 
-0.001012 -0.001941 -0.000274 0.000708 0.000471 0.002466 0.000232 0.001433 -0.000925 0.007886 -0.001593 0.000878 -0.002372 0.002766 -0.002403 
0.000538 0.001788 0.000111 -0.000132 0.000789 -0.000803 0.000854 -0.000426 0.001241 -0.001593 0.003040 -0.000278 0.001722 -0.000885 0.001725 
0.001532 -0.000080 0.000036 0.001238 -0.000351 0.001023 -0.000473 0.001236 -0.000283 0.000878 -0.000278 0.002867 -0.000222 0.000926 -0.000050 
0.001733 0.002722 0.000265 0.000074 0.000377 -0.001643 0.000510 -0.000618 0.001600 -0.002372 0.001722 -0.000222 0.004823 -0.001918 0.002971 
-0.000629 -0.001602 -0.000224 0.000776 0.000362 0.002155 0.000139 0.001359 -0.000765 0.002766 -0.000885 0.000926 -0.001918 0.006131 -0.003068 
0.001926 0.002823 0.000284 0.000135 0.000324 -0.001632 0.000463 -0.000571 0.001591 -0.002403 0.001725 -0.000050 0.002971 -0.003068 0.005290 

--- Landmark 1 ---
Robot pos: (12.031912, -0.039888, -0.009149)
Landmark pos: (3.002344, 12.005656)
q = 226.628234, sqrt(q) = 15.054177
H matrix:
0.053151 0.039843 -1.000000 0.000000 0.000000 -0.053151 -0.039843 0.000000 0.000000 0.000000 0.000000 0.000000 0.000000 0.000000 0.000000 
0.599805 -0.800146 0.000000 0.000000 0.000000 -0.599805 0.800146 0.000000 0.000000 0.000000 0.000000 0.000000 0.000000 0.000000 0.000000 
numEntries: 15 - NUM_MEAS_TYPE: 2 
HT matrix:
0.053151 - Indice i 0 - Indice j 0 
0.599805 - Indice i 0 - Indice j 1 

0.039843 - Indice i 1 - Indice j 0 
-0.800146 - Indice i 1 - Indice j 1 

-1.000000 - Indice i 2 - Indice j 0 
0.000000 - Indice i 2 - Indice j 1 

0.000000 - Indice i 3 - Indice j 0 
0.000000 - Indice i 3 - Indice j 1 

0.000000 - Indice i 4 - Indice j 0 
0.000000 - Indice i 4 - Indice j 1 

-0.053151 - Indice i 5 - Indice j 0 
-0.599805 - Indice i 5 - Indice j 1 

-0.039843 - Indice i 6 - Indice j 0 
0.800146 - Indice i 6 - Indice j 1 

0.000000 - Indice i 7 - Indice j 0 
0.000000 - Indice i 7 - Indice j 1 

0.000000 - Indice i 8 - Indice j 0 
0.000000 - Indice i 8 - Indice j 1 

0.000000 - Indice i 9 - Indice j 0 
0.000000 - Indice i 9 - Indice j 1 

0.000000 - Indice i 10 - Indice j 0 
0.000000 - Indice i 10 - Indice j 1 

0.000000 - Indice i 11 - Indice j 0 
0.000000 - Indice i 11 - Indice j 1 

0.000000 - Indice i 12 - Indice j 0 
0.000000 - Indice i 12 - Indice j 1 

0.000000 - Indice i 13 - Indice j 0 
0.000000 - Indice i 13 - Indice j 1 

0.000000 - Indice i 14 - Indice j 0 
0.000000 - Indice i 14 - Indice j 1 

Expected (beta, range): (2.223203, 15.054177)
Measured (beta, range): (2.223700, 15.042500)

--- Diff vector ---
diff[0][0] = 0.000497
diff[1][0] = -0.011677
Temp1:
-0.0003 -0.0005 -0.0002 0.0001 0.0001 -0.0002 -0.0001 0.0000 -0.0000 0.0000 -0.0000 0.0000 0.0000 0.0000 -0.0000 
0.0023 -0.0057 -0.0003 0.0006 -0.0007 -0.0022 0.0011 -0.0001 0.0000 -0.0003 0.0001 -0.0000 0.0003 -0.0003 0.0002 
Temp2:
0.0001 0.0003 
0.0003 0.0082 
Temp3:
0.0002 0.0003 
0.0003 0.0146 
Temp4:
4226.9510 -76.6040 
-76.6040 70.0145 
Temp5:
-0.0003 0.0023 
-0.0005 -0.0057 
-0.0002 -0.0003 
0.0001 0.0006 
0.0001 -0.0007 
-0.0002 -0.0022 
-0.0001 0.0011 
0.0000 -0.0001 
-0.0000 0.0000 
0.0000 -0.0003 
-0.0000 0.0001 
0.0000 -0.0000 
0.0000 0.0003 
0.0000 -0.0003 
-0.0000 0.0002 

--- Kalman Gain ---
K[0][0] = -1.309216
K[0][1] = 0.184873
K[1][0] = -1.541333
K[1][1] = -0.365684
K[2][0] = -0.655375
K[2][1] = -0.008412
K[3][0] = 0.268124
K[3][1] = 0.039680
K[4][0] = 0.522594
K[4][1] = -0.058369
K[5][0] = -0.662882
K[5][1] = -0.137113
K[6][0] = -0.444110
K[6][1] = 0.082707
K[7][0] = 0.029593
K[7][1] = -0.007873
K[8][0] = -0.005447
K[8][1] = 0.003211
K[9][0] = 0.037656
K[9][1] = -0.024518
K[10][0] = -0.014224
K[10][1] = 0.004164
K[11][0] = 0.028149
K[11][1] = -0.001119
K[12][0] = -0.010260
K[12][1] = 0.017690
K[13][0] = 0.047289
K[13][1] = -0.019840
K[14][0] = -0.022968
K[14][1] = 0.017288

--- State Update ---
ΔX[0] = -0.002810
ΔX[1] = 0.003504
ΔX[2] = -0.000228
ΔX[3] = -0.000330
ΔX[4] = 0.000941
ΔX[5] = 0.001271
ΔX[6] = -0.001187
ΔX[7] = 0.000107
ΔX[8] = -0.000040
ΔX[9] = 0.000305
ΔX[10] = -0.000056
ΔX[11] = 0.000027
ΔX[12] = -0.000212
ΔX[13] = 0.000255
ΔX[14] = -0.000213
Temp6:
0.0413 -0.2001 1.3092 0.0000 0.0000 -0.0413 0.2001 0.0000 0.0000 0.0000 0.0000 0.0000 0.0000 0.0000 0.0000 
-0.3013 0.2312 1.5413 0.0000 0.0000 0.3013 -0.2312 0.0000 0.0000 0.0000 0.0000 0.0000 0.0000 0.0000 0.0000 
-0.0399 -0.0194 0.6554 0.0000 0.0000 0.0399 0.0194 0.0000 0.0000 0.0000 0.0000 0.0000 0.0000 0.0000 0.0000 
0.0381 -0.0211 -0.2681 0.0000 0.0000 -0.0381 0.0211 0.0000 0.0000 0.0000 0.0000 0.0000 0.0000 0.0000 0.0000 
-0.0072 0.0675 -0.5226 0.0000 0.0000 0.0072 -0.0675 0.0000 0.0000 0.0000 0.0000 0.0000 0.0000 0.0000 0.0000 
-0.1175 0.0833 0.6629 0.0000 0.0000 0.1175 -0.0833 0.0000 0.0000 0.0000 0.0000 0.0000 0.0000 0.0000 0.0000 
0.0260 -0.0839 0.4441 0.0000 0.0000 -0.0260 0.0839 0.0000 0.0000 0.0000 0.0000 0.0000 0.0000 0.0000 0.0000 
-0.0031 0.0075 -0.0296 0.0000 0.0000 0.0031 -0.0075 0.0000 0.0000 0.0000 0.0000 0.0000 0.0000 0.0000 0.0000 
0.0016 -0.0028 0.0054 0.0000 0.0000 -0.0016 0.0028 0.0000 0.0000 0.0000 0.0000 0.0000 0.0000 0.0000 0.0000 
-0.0127 0.0211 -0.0377 0.0000 0.0000 0.0127 -0.0211 0.0000 0.0000 0.0000 0.0000 0.0000 0.0000 0.0000 0.0000 
0.0017 -0.0039 0.0142 0.0000 0.0000 -0.0017 0.0039 0.0000 0.0000 0.0000 0.0000 0.0000 0.0000 0.0000 0.0000 
0.0008 0.0020 -0.0281 0.0000 0.0000 -0.0008 -0.0020 0.0000 0.0000 0.0000 0.0000 0.0000 0.0000 0.0000 0.0000 
0.0101 -0.0146 0.0103 0.0000 0.0000 -0.0101 0.0146 0.0000 0.0000 0.0000 0.0000 0.0000 0.0000 0.0000 0.0000 
-0.0094 0.0178 -0.0473 0.0000 0.0000 0.0094 -0.0178 0.0000 0.0000 0.0000 0.0000 0.0000 0.0000 0.0000 0.0000 
0.0091 -0.0147 0.0230 0.0000 0.0000 -0.0091 0.0147 0.0000 0.0000 0.0000 0.0000 0.0000 0.0000 0.0000 0.0000 
CovUpdate:
0.9587 0.2001 -1.3092 0.0000 0.0000 0.0413 -0.2001 0.0000 0.0000 0.0000 0.0000 0.0000 0.0000 0.0000 0.0000 
0.3013 0.7688 -1.5413 0.0000 0.0000 -0.3013 0.2312 0.0000 0.0000 0.0000 0.0000 0.0000 0.0000 0.0000 0.0000 
0.0399 0.0194 0.3446 0.0000 0.0000 -0.0399 -0.0194 0.0000 0.0000 0.0000 0.0000 0.0000 0.0000 0.0000 0.0000 
-0.0381 0.0211 0.2681 1.0000 0.0000 0.0381 -0.0211 0.0000 0.0000 0.0000 0.0000 0.0000 0.0000 0.0000 0.0000 
0.0072 -0.0675 0.5226 0.0000 1.0000 -0.0072 0.0675 0.0000 0.0000 0.0000 0.0000 0.0000 0.0000 0.0000 0.0000 
0.1175 -0.0833 -0.6629 0.0000 0.0000 0.8825 0.0833 0.0000 0.0000 0.0000 0.0000 0.0000 0.0000 0.0000 0.0000 
-0.0260 0.0839 -0.4441 0.0000 0.0000 0.0260 0.9161 0.0000 0.0000 0.0000 0.0000 0.0000 0.0000 0.0000 0.0000 
0.0031 -0.0075 0.0296 0.0000 0.0000 -0.0031 0.0075 1.0000 0.0000 0.0000 0.0000 0.0000 0.0000 0.0000 0.0000 
-0.0016 0.0028 -0.0054 0.0000 0.0000 0.0016 -0.0028 0.0000 1.0000 0.0000 0.0000 0.0000 0.0000 0.0000 0.0000 
0.0127 -0.0211 0.0377 0.0000 0.0000 -0.0127 0.0211 0.0000 0.0000 1.0000 0.0000 0.0000 0.0000 0.0000 0.0000 
-0.0017 0.0039 -0.0142 0.0000 0.0000 0.0017 -0.0039 0.0000 0.0000 0.0000 1.0000 0.0000 0.0000 0.0000 0.0000 
-0.0008 -0.0020 0.0281 0.0000 0.0000 0.0008 0.0020 0.0000 0.0000 0.0000 0.0000 1.0000 0.0000 0.0000 0.0000 
-0.0101 0.0146 -0.0103 0.0000 0.0000 0.0101 -0.0146 0.0000 0.0000 0.0000 0.0000 0.0000 1.0000 0.0000 0.0000 
0.0094 -0.0178 0.0473 0.0000 0.0000 -0.0094 0.0178 0.0000 0.0000 0.0000 0.0000 0.0000 0.0000 1.0000 0.0000 
-0.0091 0.0147 -0.0230 0.0000 0.0000 0.0091 -0.0147 0.0000 0.0000 0.0000 0.0000 0.0000 0.0000 0.0000 1.0000 
Temp7:
0.0169 0.0101 0.0015 0.0024 -0.0013 -0.0000 -0.0011 0.0010 0.0004 -0.0009 0.0005 0.0015 0.0017 -0.0006 0.0019 
0.0101 0.0133 0.0013 0.0004 0.0007 -0.0024 0.0011 -0.0005 0.0017 -0.0021 0.0018 -0.0001 0.0028 -0.0017 0.0029 
0.0015 0.0013 0.0002 0.0001 -0.0002 -0.0003 -0.0001 -0.0000 0.0001 -0.0003 0.0001 0.0000 0.0003 -0.0002 0.0003 
0.0024 0.0004 0.0001 0.0023 -0.0002 0.0010 -0.0004 0.0011 -0.0002 0.0007 -0.0001 0.0012 0.0001 0.0008 0.0001 
-0.0013 0.0007 -0.0002 -0.0002 0.0027 0.0002 0.0013 -0.0001 0.0008 0.0004 0.0008 -0.0004 0.0004 0.0003 0.0003 
-0.0000 -0.0024 -0.0003 0.0010 0.0002 0.0051 0.0003 0.0014 -0.0007 0.0024 -0.0008 0.0010 -0.0016 0.0021 -0.0016 
-0.0011 0.0011 -0.0001 -0.0004 0.0013 0.0003 0.0028 -0.0003 0.0009 0.0003 0.0008 -0.0005 0.0005 0.0002 0.0004 
0.0010 -0.0005 -0.0000 0.0011 -0.0001 0.0014 -0.0003 0.0031 -0.0005 0.0014 -0.0004 0.0012 -0.0006 0.0014 -0.0006 
0.0004 0.0017 0.0001 -0.0002 0.0008 -0.0007 0.0009 -0.0005 0.0029 -0.0009 0.0012 -0.0003 0.0016 -0.0008 0.0016 
-0.0009 -0.0021 -0.0003 0.0007 0.0004 0.0024 0.0003 0.0014 -0.0009 0.0079 -0.0016 0.0009 -0.0024 0.0028 -0.0024 
0.0005 0.0018 0.0001 -0.0001 0.0008 -0.0008 0.0008 -0.0004 0.0012 -0.0016 0.0030 -0.0003 0.0017 -0.0009 0.0017 
0.0015 -0.0001 0.0000 0.0012 -0.0004 0.0010 -0.0005 0.0012 -0.0003 0.0009 -0.0003 0.0029 -0.0002 0.0009 -0.0001 
0.0017 0.0028 0.0003 0.0001 0.0004 -0.0016 0.0005 -0.0006 0.0016 -0.0024 0.0017 -0.0002 0.0048 -0.0019 0.0030 
-0.0006 -0.0017 -0.0002 0.0008 0.0003 0.0021 0.0002 0.0014 -0.0008 0.0028 -0.0009 0.0009 -0.0019 0.0061 -0.0031 
0.0019 0.0029 0.0003 0.0001 0.0003 -0.0016 0.0004 -0.0006 0.0016 -0.0024 0.0017 -0.0001 0.0030 -0.0031 0.0053 
Matriz P después de update:
0.016851 0.010094 0.001471 0.002427 -0.001296 -0.000004 -0.001062 0.000968 0.000368 -0.000944 0.000524 0.001543 0.001689 -0.000570 0.001880 
0.010094 0.013346 0.001307 0.000351 0.000684 -0.002388 0.001064 -0.000481 0.001671 -0.002064 0.001805 -0.000073 0.002819 -0.001694 0.002911 
0.001471 0.001307 0.000216 0.000078 -0.000156 -0.000314 -0.000099 -0.000032 0.000090 -0.000275 0.000110 0.000040 0.000269 -0.000222 0.000286 
0.002427 0.000351 0.000078 0.002310 -0.000234 0.001016 -0.000389 0.001123 -0.000154 0.000722 -0.000133 0.001236 0.000063 0.000785 0.000125 
-0.001296 0.000684 -0.000156 -0.000234 0.002693 0.000178 0.001322 -0.000125 0.000842 0.000449 0.000793 -0.000355 0.000391 0.000343 0.000339 
-0.000004 -0.002388 -0.000314 0.001016 0.000178 0.005108 0.000347 0.001352 -0.000716 0.002420 -0.000797 0.001027 -0.001607 0.002121 -0.001599 
-0.001062 0.001064 -0.000099 -0.000389 0.001322 0.000347 0.002782 -0.000256 0.000884 0.000262 0.000848 -0.000469 0.000490 0.000164 0.000442 
0.000968 -0.000481 -0.000032 0.001123 -0.000125 0.001352 -0.000256 0.003112 -0.000538 0.001430 -0.000426 0.001235 -0.000616 0.001357 -0.000569 
0.000368 0.001671 0.000090 -0.000154 0.000842 -0.000716 0.000884 -0.000538 0.002920 -0.000924 0.001241 -0.000283 0.001600 -0.000764 0.001590 
-0.000944 -0.002064 -0.000275 0.000722 0.000449 0.002420 0.000262 0.001430 -0.000924 0.007877 -0.001591 0.000878 -0.002366 0.002759 -0.002396 
0.000524 0.001805 0.000110 -0.000133 0.000793 -0.000797 0.000848 -0.000426 0.001241 -0.001591 0.003039 -0.000278 0.001721 -0.000884 0.001724 
0.001543 -0.000073 0.000040 0.001236 -0.000355 0.001027 -0.000469 0.001235 -0.000283 0.000878 -0.000278 0.002867 -0.000222 0.000926 -0.000050 
0.001689 0.002819 0.000269 0.000063 0.000391 -0.001607 0.000490 -0.000616 0.001600 -0.002366 0.001721 -0.000222 0.004819 -0.001913 0.002967 
-0.000570 -0.001694 -0.000222 0.000785 0.000343 0.002121 0.000164 0.001357 -0.000764 0.002759 -0.000884 0.000926 -0.001913 0.006126 -0.003063 
0.001880 0.002911 0.000286 0.000125 0.000339 -0.001599 0.000442 -0.000569 0.001590 -0.002396 0.001724 -0.000050 0.002967 -0.003063 0.005285 

--- Landmark 2 ---
Robot pos: (12.029102, -0.036385, -0.009377)
Landmark pos: (6.999902, 8.002076)
q = 89.909707, sqrt(q) = 9.482073
H matrix:
0.089406 0.055936 -1.000000 0.000000 0.000000 0.000000 0.000000 -0.089406 -0.055936 0.000000 0.000000 0.000000 0.000000 0.000000 0.000000 
0.530390 -0.847754 0.000000 0.000000 0.000000 0.000000 0.000000 -0.530390 0.847754 0.000000 0.000000 0.000000 0.000000 0.000000 0.000000 
numEntries: 15 - NUM_MEAS_TYPE: 2 
HT matrix:
0.089406 - Indice i 0 - Indice j 0 
0.530390 - Indice i 0 - Indice j 1 

0.055936 - Indice i 1 - Indice j 0 
-0.847754 - Indice i 1 - Indice j 1 

-1.000000 - Indice i 2 - Indice j 0 
0.000000 - Indice i 2 - Indice j 1 

0.000000 - Indice i 3 - Indice j 0 
0.000000 - Indice i 3 - Indice j 1 

0.000000 - Indice i 4 - Indice j 0 
0.000000 - Indice i 4 - Indice j 1 

0.000000 - Indice i 5 - Indice j 0 
0.000000 - Indice i 5 - Indice j 1 

0.000000 - Indice i 6 - Indice j 0 
0.000000 - Indice i 6 - Indice j 1 

-0.089406 - Indice i 7 - Indice j 0 
-0.530390 - Indice i 7 - Indice j 1 

-0.055936 - Indice i 8 - Indice j 0 
0.847754 - Indice i 8 - Indice j 1 

0.000000 - Indice i 9 - Indice j 0 
0.000000 - Indice i 9 - Indice j 1 

0.000000 - Indice i 10 - Indice j 0 
0.000000 - Indice i 10 - Indice j 1 

0.000000 - Indice i 11 - Indice j 0 
0.000000 - Indice i 11 - Indice j 1 

0.000000 - Indice i 12 - Indice j 0 
0.000000 - Indice i 12 - Indice j 1 

0.000000 - Indice i 13 - Indice j 0 
0.000000 - Indice i 13 - Indice j 1 

0.000000 - Indice i 14 - Indice j 0 
0.000000 - Indice i 14 - Indice j 1 

Expected (beta, range): (2.139234, 9.482073)
Measured (beta, range): (2.139300, 9.487500)

--- Diff vector ---
diff[0][0] = 0.000066
diff[1][0] = 0.005427
Temp1:
0.0005 0.0003 -0.0000 0.0001 0.0000 0.0001 0.0000 -0.0002 -0.0001 -0.0000 0.0000 -0.0000 0.0000 -0.0000 0.0000 
0.0002 -0.0043 -0.0002 0.0003 -0.0005 0.0007 -0.0006 -0.0012 0.0015 -0.0003 0.0000 -0.0000 0.0002 -0.0002 0.0002 
Temp2:
0.0001 0.0000 
0.0000 0.0057 
Temp3:
0.0002 0.0000 
0.0000 0.0121 
Temp4:
5192.6956 -13.1049 
-13.1049 82.9166 
Temp5:
0.0005 0.0002 
0.0003 -0.0043 
-0.0000 -0.0002 
0.0001 0.0003 
0.0000 -0.0005 
0.0001 0.0007 
0.0000 -0.0006 
-0.0002 -0.0012 
-0.0001 0.0015 
-0.0000 -0.0003 
0.0000 0.0000 
-0.0000 -0.0000 
0.0000 0.0002 
-0.0000 -0.0002 
0.0000 0.0002 

--- Kalman Gain ---
K[0][0] = 2.556929
K[0][1] = 0.008373
K[1][0] = 1.570581
K[1][1] = -0.359485
K[2][0] = -0.069246
K[2][1] = -0.019268
K[3][0] = 0.345413
K[3][1] = 0.020937
K[4][0] = 0.226760
K[4][1] = -0.040961
K[5][0] = 0.508160
K[5][1] = 0.056609
K[6][0] = 0.199364
K[6][1] = -0.048643
K[7][0] = -0.795255
K[7][1] = -0.096209
K[8][0] = -0.427753
K[8][1] = 0.128704
K[9][0] = -0.000007
K[9][1] = -0.024319
K[10][0] = 0.034364
K[10][1] = 0.002055
K[11][0] = -0.005946
K[11][1] = -0.001228
K[12][0] = 0.024907
K[12][1] = 0.015579
K[13][0] = -0.009708
K[13][1] = -0.019349
K[14][0] = 0.035432
K[14][1] = 0.014741

--- State Update ---
ΔX[0] = 0.000214
ΔX[1] = -0.001848
ΔX[2] = -0.000109
ΔX[3] = 0.000136
ΔX[4] = -0.000207
ΔX[5] = 0.000341
ΔX[6] = -0.000251
ΔX[7] = -0.000574
ΔX[8] = 0.000670
ΔX[9] = -0.000132
ΔX[10] = 0.000013
ΔX[11] = -0.000007
ΔX[12] = 0.000086
ΔX[13] = -0.000106
ΔX[14] = 0.000082
Temp6:
0.2330 0.1359 -2.5569 0.0000 0.0000 0.0000 0.0000 -0.2330 -0.1359 0.0000 0.0000 0.0000 0.0000 0.0000 0.0000 
-0.0502 0.3926 -1.5706 0.0000 0.0000 0.0000 0.0000 0.0502 -0.3926 0.0000 0.0000 0.0000 0.0000 0.0000 0.0000 
-0.0164 0.0125 0.0692 0.0000 0.0000 0.0000 0.0000 0.0164 -0.0125 0.0000 0.0000 0.0000 0.0000 0.0000 0.0000 
0.0420 0.0016 -0.3454 0.0000 0.0000 0.0000 0.0000 -0.0420 -0.0016 0.0000 0.0000 0.0000 0.0000 0.0000 0.0000 
-0.0015 0.0474 -0.2268 0.0000 0.0000 0.0000 0.0000 0.0015 -0.0474 0.0000 0.0000 0.0000 0.0000 0.0000 0.0000 
0.0755 -0.0196 -0.5082 0.0000 0.0000 0.0000 0.0000 -0.0755 0.0196 0.0000 0.0000 0.0000 0.0000 0.0000 0.0000 
-0.0080 0.0524 -0.1994 0.0000 0.0000 0.0000 0.0000 0.0080 -0.0524 0.0000 0.0000 0.0000 0.0000 0.0000 0.0000 
-0.1221 0.0371 0.7953 0.0000 0.0000 0.0000 0.0000 0.1221 -0.0371 0.0000 0.0000 0.0000 0.0000 0.0000 0.0000 
0.0300 -0.1330 0.4278 0.0000 0.0000 0.0000 0.0000 -0.0300 0.1330 0.0000 0.0000 0.0000 0.0000 0.0000 0.0000 
-0.0129 0.0206 0.0000 0.0000 0.0000 0.0000 0.0000 0.0129 -0.0206 0.0000 0.0000 0.0000 0.0000 0.0000 0.0000 
0.0042 0.0002 -0.0344 0.0000 0.0000 0.0000 0.0000 -0.0042 -0.0002 0.0000 0.0000 0.0000 0.0000 0.0000 0.0000 
-0.0012 0.0007 0.0059 0.0000 0.0000 0.0000 0.0000 0.0012 -0.0007 0.0000 0.0000 0.0000 0.0000 0.0000 0.0000 
0.0105 -0.0118 -0.0249 0.0000 0.0000 0.0000 0.0000 -0.0105 0.0118 0.0000 0.0000 0.0000 0.0000 0.0000 0.0000 
-0.0111 0.0159 0.0097 0.0000 0.0000 0.0000 0.0000 0.0111 -0.0159 0.0000 0.0000 0.0000 0.0000 0.0000 0.0000 
0.0110 -0.0105 -0.0354 0.0000 0.0000 0.0000 0.0000 -0.0110 0.0105 0.0000 0.0000 0.0000 0.0000 0.0000 0.0000 
CovUpdate:
0.7670 -0.1359 2.5569 0.0000 0.0000 0.0000 0.0000 0.2330 0.1359 0.0000 0.0000 0.0000 0.0000 0.0000 0.0000 
0.0502 0.6074 1.5706 0.0000 0.0000 0.0000 0.0000 -0.0502 0.3926 0.0000 0.0000 0.0000 0.0000 0.0000 0.0000 
0.0164 -0.0125 0.9308 0.0000 0.0000 0.0000 0.0000 -0.0164 0.0125 0.0000 0.0000 0.0000 0.0000 0.0000 0.0000 
-0.0420 -0.0016 0.3454 1.0000 0.0000 0.0000 0.0000 0.0420 0.0016 0.0000 0.0000 0.0000 0.0000 0.0000 0.0000 
0.0015 -0.0474 0.2268 0.0000 1.0000 0.0000 0.0000 -0.0015 0.0474 0.0000 0.0000 0.0000 0.0000 0.0000 0.0000 
-0.0755 0.0196 0.5082 0.0000 0.0000 1.0000 0.0000 0.0755 -0.0196 0.0000 0.0000 0.0000 0.0000 0.0000 0.0000 
0.0080 -0.0524 0.1994 0.0000 0.0000 0.0000 1.0000 -0.0080 0.0524 0.0000 0.0000 0.0000 0.0000 0.0000 0.0000 
0.1221 -0.0371 -0.7953 0.0000 0.0000 0.0000 0.0000 0.8779 0.0371 0.0000 0.0000 0.0000 0.0000 0.0000 0.0000 
-0.0300 0.1330 -0.4278 0.0000 0.0000 0.0000 0.0000 0.0300 0.8670 0.0000 0.0000 0.0000 0.0000 0.0000 0.0000 
0.0129 -0.0206 -0.0000 0.0000 0.0000 0.0000 0.0000 -0.0129 0.0206 1.0000 0.0000 0.0000 0.0000 0.0000 0.0000 
-0.0042 -0.0002 0.0344 0.0000 0.0000 0.0000 0.0000 0.0042 0.0002 0.0000 1.0000 0.0000 0.0000 0.0000 0.0000 
0.0012 -0.0007 -0.0059 0.0000 0.0000 0.0000 0.0000 -0.0012 0.0007 0.0000 0.0000 1.0000 0.0000 0.0000 0.0000 
-0.0105 0.0118 0.0249 0.0000 0.0000 0.0000 0.0000 0.0105 -0.0118 0.0000 0.0000 0.0000 1.0000 0.0000 0.0000 
0.0111 -0.0159 -0.0097 0.0000 0.0000 0.0000 0.0000 -0.0111 0.0159 0.0000 0.0000 0.0000 0.0000 1.0000 0.0000 
-0.0110 0.0105 0.0354 0.0000 0.0000 0.0000 0.0000 0.0110 -0.0105 0.0000 0.0000 0.0000 0.0000 0.0000 1.0000 
Temp7:
0.0156 0.0094 0.0015 0.0023 -0.0014 -0.0003 -0.0012 0.0014 0.0006 -0.0009 0.0005 0.0015 0.0017 -0.0006 0.0019 
0.0094 0.0113 0.0012 0.0003 0.0004 -0.0023 0.0008 -0.0007 0.0023 -0.0022 0.0018 -0.0001 0.0029 -0.0018 0.0030 
0.0015 0.0012 0.0002 0.0001 -0.0002 -0.0003 -0.0001 -0.0001 0.0001 -0.0003 0.0001 0.0000 0.0003 -0.0002 0.0003 
0.0023 0.0003 0.0001 0.0023 -0.0002 0.0010 -0.0004 0.0012 -0.0002 0.0007 -0.0001 0.0012 0.0001 0.0008 0.0001 
-0.0014 0.0004 -0.0002 -0.0002 0.0027 0.0002 0.0013 -0.0001 0.0009 0.0004 0.0008 -0.0004 0.0004 0.0003 0.0003 
-0.0003 -0.0023 -0.0003 0.0010 0.0002 0.0050 0.0004 0.0015 -0.0008 0.0024 -0.0008 0.0010 -0.0016 0.0021 -0.0016 
-0.0012 0.0008 -0.0001 -0.0004 0.0013 0.0004 0.0027 -0.0003 0.0010 0.0002 0.0008 -0.0005 0.0005 0.0002 0.0004 
0.0014 -0.0007 -0.0001 0.0012 -0.0001 0.0015 -0.0003 0.0029 -0.0005 0.0014 -0.0004 0.0012 -0.0006 0.0013 -0.0005 
0.0006 0.0023 0.0001 -0.0002 0.0009 -0.0008 0.0010 -0.0005 0.0027 -0.0009 0.0012 -0.0003 0.0016 -0.0007 0.0016 
-0.0009 -0.0022 -0.0003 0.0007 0.0004 0.0024 0.0002 0.0014 -0.0009 0.0079 -0.0016 0.0009 -0.0024 0.0028 -0.0024 
0.0005 0.0018 0.0001 -0.0001 0.0008 -0.0008 0.0008 -0.0004 0.0012 -0.0016 0.0030 -0.0003 0.0017 -0.0009 0.0017 
0.0015 -0.0001 0.0000 0.0012 -0.0004 0.0010 -0.0005 0.0012 -0.0003 0.0009 -0.0003 0.0029 -0.0002 0.0009 -0.0000 
0.0017 0.0029 0.0003 0.0001 0.0004 -0.0016 0.0005 -0.0006 0.0016 -0.0024 0.0017 -0.0002 0.0048 -0.0019 0.0030 
-0.0006 -0.0018 -0.0002 0.0008 0.0003 0.0021 0.0002 0.0013 -0.0007 0.0028 -0.0009 0.0009 -0.0019 0.0061 -0.0031 
0.0019 0.0030 0.0003 0.0001 0.0003 -0.0016 0.0004 -0.0005 0.0016 -0.0024 0.0017 -0.0000 0.0030 -0.0031 0.0053 
Matriz P después de update:
0.015589 0.009384 0.001509 0.002253 -0.001401 -0.000264 -0.001152 0.001377 0.000555 -0.000940 0.000507 0.001546 0.001674 -0.000562 0.001859 
0.009384 0.011346 0.001244 0.000340 0.000442 -0.002294 0.000798 -0.000662 0.002347 -0.002168 0.001804 -0.000077 0.002879 -0.001774 0.002964 
0.001509 0.001244 0.000211 0.000087 -0.000162 -0.000294 -0.000108 -0.000066 0.000114 -0.000281 0.000111 0.000040 0.000273 -0.000226 0.000290 
0.002253 0.000340 0.000087 0.002281 -0.000238 0.000967 -0.000390 0.001201 -0.000159 0.000728 -0.000136 0.001237 0.000057 0.000791 0.000119 
-0.001401 0.000442 -0.000162 -0.000238 0.002664 0.000184 0.001289 -0.000138 0.000923 0.000437 0.000793 -0.000355 0.000397 0.000334 0.000344 
-0.000264 -0.002294 -0.000294 0.000967 0.000184 0.005018 0.000361 0.001499 -0.000764 0.002437 -0.000802 0.001028 -0.001620 0.002136 -0.001613 
-0.001152 0.000798 -0.000108 -0.000390 0.001289 0.000361 0.002746 -0.000282 0.000974 0.000248 0.000848 -0.000470 0.000498 0.000154 0.000449 
0.001377 -0.000662 -0.000066 0.001201 -0.000138 0.001499 -0.000282 0.002873 -0.000452 0.001402 -0.000418 0.001233 -0.000594 0.001332 -0.000546 
0.000555 0.002347 0.000114 -0.000159 0.000923 -0.000764 0.000974 -0.000452 0.002689 -0.000887 0.001241 -0.000282 0.001578 -0.000735 0.001570 
-0.000940 -0.002168 -0.000281 0.000728 0.000437 0.002437 0.000248 0.001402 -0.000887 0.007870 -0.001591 0.000878 -0.002361 0.002754 -0.002392 
0.000507 0.001804 0.000111 -0.000136 0.000793 -0.000802 0.000848 -0.000418 0.001241 -0.001591 0.003039 -0.000278 0.001721 -0.000884 0.001723 
0.001546 -0.000077 0.000040 0.001237 -0.000355 0.001028 -0.000470 0.001233 -0.000282 0.000878 -0.000278 0.002867 -0.000221 0.000925 -0.000050 
0.001674 0.002879 0.000273 0.000057 0.000397 -0.001620 0.000498 -0.000594 0.001578 -0.002361 0.001721 -0.000221 0.004816 -0.001909 0.002964 
-0.000562 -0.001774 -0.000226 0.000791 0.000334 0.002136 0.000154 0.001332 -0.000735 0.002754 -0.000884 0.000925 -0.001909 0.006121 -0.003060 
0.001859 0.002964 0.000290 0.000119 0.000344 -0.001613 0.000449 -0.000546 0.001570 -0.002392 0.001723 -0.000050 0.002964 -0.003060 0.005283 

--- Landmark 3 ---
Robot pos: (12.029316, -0.038233, -0.009486)
Landmark pos: (7.001312, 13.998356)
q = 222.306653, sqrt(q) = 14.909951
H matrix:
0.063141 0.022617 -1.000000 0.000000 0.000000 0.000000 0.000000 0.000000 0.000000 -0.063141 -0.022617 0.000000 0.000000 0.000000 0.000000 
0.337225 -0.941424 0.000000 0.000000 0.000000 0.000000 0.000000 0.000000 0.000000 -0.337225 0.941424 0.000000 0.000000 0.000000 0.000000 
numEntries: 15 - NUM_MEAS_TYPE: 2 
HT matrix:
0.063141 - Indice i 0 - Indice j 0 
0.337225 - Indice i 0 - Indice j 1 

0.022617 - Indice i 1 - Indice j 0 
-0.941424 - Indice i 1 - Indice j 1 

-1.000000 - Indice i 2 - Indice j 0 
0.000000 - Indice i 2 - Indice j 1 

0.000000 - Indice i 3 - Indice j 0 
0.000000 - Indice i 3 - Indice j 1 

0.000000 - Indice i 4 - Indice j 0 
0.000000 - Indice i 4 - Indice j 1 

0.000000 - Indice i 5 - Indice j 0 
0.000000 - Indice i 5 - Indice j 1 

0.000000 - Indice i 6 - Indice j 0 
0.000000 - Indice i 6 - Indice j 1 

0.000000 - Indice i 7 - Indice j 0 
0.000000 - Indice i 7 - Indice j 1 

0.000000 - Indice i 8 - Indice j 0 
0.000000 - Indice i 8 - Indice j 1 

-0.063141 - Indice i 9 - Indice j 0 
-0.337225 - Indice i 9 - Indice j 1 

-0.022617 - Indice i 10 - Indice j 0 
0.941424 - Indice i 10 - Indice j 1 

0.000000 - Indice i 11 - Indice j 0 
0.000000 - Indice i 11 - Indice j 1 

0.000000 - Indice i 12 - Indice j 0 
0.000000 - Indice i 12 - Indice j 1 

0.000000 - Indice i 13 - Indice j 0 
0.000000 - Indice i 13 - Indice j 1 

0.000000 - Indice i 14 - Indice j 0 
0.000000 - Indice i 14 - Indice j 1 

Expected (beta, range): (1.924250, 14.909951)
Measured (beta, range): (1.924300, 14.912300)

--- Diff vector ---
diff[0][0] = 0.000050
diff[1][0] = 0.002349
Temp1:
-0.0003 -0.0003 -0.0001 0.0000 0.0000 0.0001 0.0000 0.0001 0.0000 -0.0003 -0.0000 0.0000 0.0000 -0.0000 0.0000 
-0.0028 -0.0051 -0.0005 0.0001 -0.0003 0.0005 -0.0004 0.0002 -0.0006 -0.0024 0.0019 0.0000 0.0003 -0.0003 0.0003 
Temp2:
0.0001 0.0003 
0.0003 0.0064 
Temp3:
0.0002 0.0003 
0.0003 0.0128 
Temp4:
6214.0246 -137.5057 
-137.5057 80.9821 
Temp5:
-0.0003 -0.0028 
-0.0003 -0.0051 
-0.0001 -0.0005 
0.0000 0.0001 
0.0000 -0.0003 
0.0001 0.0005 
0.0000 -0.0004 
0.0001 0.0002 
0.0000 -0.0006 
-0.0003 -0.0024 
-0.0000 0.0019 
0.0000 0.0000 
0.0000 0.0003 
-0.0000 -0.0003 
0.0000 0.0003 

--- Kalman Gain ---
K[0][0] = -1.260271
K[0][1] = -0.189031
K[1][0] = -1.159951
K[1][1] = -0.370874
K[2][0] = -0.385652
K[2][1] = -0.027611
K[3][0] = 0.113065
K[3][1] = 0.002619
K[4][0] = 0.278873
K[4][1] = -0.028719
K[5][0] = 0.489559
K[5][1] = 0.027623
K[6][0] = 0.170338
K[6][1] = -0.036875
K[7][0] = 0.335869
K[7][1] = 0.009819
K[8][0] = 0.091007
K[8][1] = -0.045295
K[9][0] = -1.458021
K[9][1] = -0.156925
K[10][0] = -0.295993
K[10][1] = 0.152314
K[11][0] = 0.036794
K[11][1] = 0.001994
K[12][0] = 0.012137
K[12][1] = 0.020811
K[13][0] = 0.019882
K[13][1] = -0.022227
K[14][0] = 0.007007
K[14][1] = 0.020525

--- State Update ---
ΔX[0] = -0.000507
ΔX[1] = -0.000929
ΔX[2] = -0.000084
ΔX[3] = 0.000012
ΔX[4] = -0.000053
ΔX[5] = 0.000089
ΔX[6] = -0.000078
ΔX[7] = 0.000040
ΔX[8] = -0.000102
ΔX[9] = -0.000442
ΔX[10] = 0.000343
ΔX[11] = 0.000007
ΔX[12] = 0.000049
ΔX[13] = -0.000051
ΔX[14] = 0.000049
Temp6:
-0.1433 0.1495 1.2603 0.0000 0.0000 0.0000 0.0000 0.0000 0.0000 0.1433 -0.1495 0.0000 0.0000 0.0000 0.0000 
-0.1983 0.3229 1.1600 0.0000 0.0000 0.0000 0.0000 0.0000 0.0000 0.1983 -0.3229 0.0000 0.0000 0.0000 0.0000 
-0.0337 0.0173 0.3857 0.0000 0.0000 0.0000 0.0000 0.0000 0.0000 0.0337 -0.0173 0.0000 0.0000 0.0000 0.0000 
0.0080 0.0001 -0.1131 0.0000 0.0000 0.0000 0.0000 0.0000 0.0000 -0.0080 -0.0001 0.0000 0.0000 0.0000 0.0000 
0.0079 0.0333 -0.2789 0.0000 0.0000 0.0000 0.0000 0.0000 0.0000 -0.0079 -0.0333 0.0000 0.0000 0.0000 0.0000 
0.0402 -0.0149 -0.4896 0.0000 0.0000 0.0000 0.0000 0.0000 0.0000 -0.0402 0.0149 0.0000 0.0000 0.0000 0.0000 
-0.0017 0.0386 -0.1703 0.0000 0.0000 0.0000 0.0000 0.0000 0.0000 0.0017 -0.0386 0.0000 0.0000 0.0000 0.0000 
0.0245 -0.0016 -0.3359 0.0000 0.0000 0.0000 0.0000 0.0000 0.0000 -0.0245 0.0016 0.0000 0.0000 0.0000 0.0000 
-0.0095 0.0447 -0.0910 0.0000 0.0000 0.0000 0.0000 0.0000 0.0000 0.0095 -0.0447 0.0000 0.0000 0.0000 0.0000 
-0.1450 0.1148 1.4580 0.0000 0.0000 0.0000 0.0000 0.0000 0.0000 0.1450 -0.1148 0.0000 0.0000 0.0000 0.0000 
0.0327 -0.1501 0.2960 0.0000 0.0000 0.0000 0.0000 0.0000 0.0000 -0.0327 0.1501 0.0000 0.0000 0.0000 0.0000 
0.0030 -0.0010 -0.0368 0.0000 0.0000 0.0000 0.0000 0.0000 0.0000 -0.0030 0.0010 0.0000 0.0000 0.0000 0.0000 
0.0078 -0.0193 -0.0121 0.0000 0.0000 0.0000 0.0000 0.0000 0.0000 -0.0078 0.0193 0.0000 0.0000 0.0000 0.0000 
-0.0062 0.0214 -0.0199 0.0000 0.0000 0.0000 0.0000 0.0000 0.0000 0.0062 -0.0214 0.0000 0.0000 0.0000 0.0000 
0.0074 -0.0192 -0.0070 0.0000 0.0000 0.0000 0.0000 0.0000 0.0000 -0.0074 0.0192 0.0000 0.0000 0.0000 0.0000 
CovUpdate:
1.1433 -0.1495 -1.2603 0.0000 0.0000 0.0000 0.0000 0.0000 0.0000 -0.1433 0.1495 0.0000 0.0000 0.0000 0.0000 
0.1983 0.6771 -1.1600 0.0000 0.0000 0.0000 0.0000 0.0000 0.0000 -0.1983 0.3229 0.0000 0.0000 0.0000 0.0000 
0.0337 -0.0173 0.6143 0.0000 0.0000 0.0000 0.0000 0.0000 0.0000 -0.0337 0.0173 0.0000 0.0000 0.0000 0.0000 
-0.0080 -0.0001 0.1131 1.0000 0.0000 0.0000 0.0000 0.0000 0.0000 0.0080 0.0001 0.0000 0.0000 0.0000 0.0000 
-0.0079 -0.0333 0.2789 0.0000 1.0000 0.0000 0.0000 0.0000 0.0000 0.0079 0.0333 0.0000 0.0000 0.0000 0.0000 
-0.0402 0.0149 0.4896 0.0000 0.0000 1.0000 0.0000 0.0000 0.0000 0.0402 -0.0149 0.0000 0.0000 0.0000 0.0000 
0.0017 -0.0386 0.1703 0.0000 0.0000 0.0000 1.0000 0.0000 0.0000 -0.0017 0.0386 0.0000 0.0000 0.0000 0.0000 
-0.0245 0.0016 0.3359 0.0000 0.0000 0.0000 0.0000 1.0000 0.0000 0.0245 -0.0016 0.0000 0.0000 0.0000 0.0000 
0.0095 -0.0447 0.0910 0.0000 0.0000 0.0000 0.0000 0.0000 1.0000 -0.0095 0.0447 0.0000 0.0000 0.0000 0.0000 
0.1450 -0.1148 -1.4580 0.0000 0.0000 0.0000 0.0000 0.0000 0.0000 0.8550 0.1148 0.0000 0.0000 0.0000 0.0000 
-0.0327 0.1501 -0.2960 0.0000 0.0000 0.0000 0.0000 0.0000 0.0000 0.0327 0.8499 0.0000 0.0000 0.0000 0.0000 
-0.0030 0.0010 0.0368 0.0000 0.0000 0.0000 0.0000 0.0000 0.0000 0.0030 -0.0010 1.0000 0.0000 0.0000 0.0000 
-0.0078 0.0193 0.0121 0.0000 0.0000 0.0000 0.0000 0.0000 0.0000 0.0078 -0.0193 0.0000 1.0000 0.0000 0.0000 
0.0062 -0.0214 0.0199 0.0000 0.0000 0.0000 0.0000 0.0000 0.0000 -0.0062 0.0214 0.0000 0.0000 1.0000 0.0000 
-0.0074 0.0192 0.0070 0.0000 0.0000 0.0000 0.0000 0.0000 0.0000 0.0074 -0.0192 0.0000 0.0000 0.0000 1.0000 
Temp7:
0.0147 0.0080 0.0013 0.0023 -0.0014 -0.0001 -0.0012 0.0015 0.0005 -0.0018 0.0009 0.0016 0.0017 -0.0006 0.0019 
0.0080 0.0091 0.0010 0.0004 0.0004 -0.0020 0.0007 -0.0005 0.0021 -0.0034 0.0025 -0.0001 0.0030 -0.0019 0.0031 
0.0013 0.0010 0.0002 0.0001 -0.0002 -0.0002 -0.0001 -0.0000 0.0001 -0.0005 0.0002 0.0000 0.0003 -0.0002 0.0003 
0.0023 0.0004 0.0001 0.0023 -0.0002 0.0010 -0.0004 0.0012 -0.0002 0.0008 -0.0001 0.0012 0.0001 0.0008 0.0001 
-0.0014 0.0004 -0.0002 -0.0002 0.0026 0.0002 0.0013 -0.0001 0.0009 0.0004 0.0008 -0.0004 0.0004 0.0003 0.0003 
-0.0001 -0.0020 -0.0002 0.0010 0.0002 0.0050 0.0004 0.0015 -0.0007 0.0026 -0.0009 0.0010 -0.0016 0.0021 -0.0016 
-0.0012 0.0007 -0.0001 -0.0004 0.0013 0.0004 0.0027 -0.0003 0.0010 0.0002 0.0009 -0.0005 0.0005 0.0001 0.0005 
0.0015 -0.0005 -0.0000 0.0012 -0.0001 0.0015 -0.0003 0.0029 -0.0004 0.0015 -0.0004 0.0012 -0.0006 0.0013 -0.0006 
0.0005 0.0021 0.0001 -0.0002 0.0009 -0.0007 0.0010 -0.0004 0.0027 -0.0010 0.0013 -0.0003 0.0016 -0.0007 0.0016 
-0.0018 -0.0034 -0.0005 0.0008 0.0004 0.0026 0.0002 0.0015 -0.0010 0.0071 -0.0013 0.0009 -0.0023 0.0027 -0.0023 
0.0009 0.0025 0.0002 -0.0001 0.0008 -0.0009 0.0009 -0.0004 0.0013 -0.0013 0.0028 -0.0003 0.0017 -0.0008 0.0017 
0.0016 -0.0001 0.0000 0.0012 -0.0004 0.0010 -0.0005 0.0012 -0.0003 0.0009 -0.0003 0.0029 -0.0002 0.0009 -0.0001 
0.0017 0.0030 0.0003 0.0001 0.0004 -0.0016 0.0005 -0.0006 0.0016 -0.0023 0.0017 -0.0002 0.0048 -0.0019 0.0030 
-0.0006 -0.0019 -0.0002 0.0008 0.0003 0.0021 0.0001 0.0013 -0.0007 0.0027 -0.0008 0.0009 -0.0019 0.0061 -0.0031 
0.0019 0.0031 0.0003 0.0001 0.0003 -0.0016 0.0005 -0.0006 0.0016 -0.0023 0.0017 -0.0001 0.0030 -0.0031 0.0053 
Matriz P después de update:
0.014730 0.008045 0.001330 0.002290 -0.001407 -0.000058 -0.001209 0.001493 0.000453 -0.001762 0.000853 0.001561 0.001735 -0.000618 0.001918 
0.008045 0.009112 0.000989 0.000387 0.000379 -0.002007 0.000661 -0.000511 0.002144 -0.003403 0.002490 -0.000056 0.002988 -0.001881 0.003071 
0.001330 0.000989 0.000170 0.000097 -0.000156 -0.000246 -0.000112 -0.000037 0.000099 -0.000459 0.000160 0.000044 0.000284 -0.000235 0.000300 
0.002290 0.000387 0.000097 0.002279 -0.000242 0.000955 -0.000391 0.001194 -0.000158 0.000767 -0.000140 0.001236 0.000056 0.000792 0.000118 
-0.001407 0.000379 -0.000156 -0.000242 0.002645 0.000173 0.001272 -0.000148 0.000906 0.000448 0.000848 -0.000356 0.000403 0.000327 0.000350 
-0.000058 -0.002007 -0.000246 0.000955 0.000173 0.004960 0.000364 0.001464 -0.000749 0.002646 -0.000851 0.001024 -0.001632 0.002145 -0.001624 
-0.001209 0.000661 -0.000112 -0.000391 0.001272 0.000364 0.002728 -0.000284 0.000953 0.000208 0.000918 -0.000470 0.000506 0.000144 0.000458 
0.001493 -0.000511 -0.000037 0.001194 -0.000148 0.001464 -0.000284 0.002851 -0.000447 0.001522 -0.000434 0.001230 -0.000599 0.001336 -0.000551 
0.000453 0.002144 0.000099 -0.000158 0.000906 -0.000749 0.000953 -0.000447 0.002663 -0.000971 0.001326 -0.000281 0.001589 -0.000748 0.001582 
-0.001762 -0.003403 -0.000459 0.000767 0.000448 0.002646 0.000208 0.001522 -0.000971 0.007069 -0.001306 0.000893 -0.002307 0.002705 -0.002340 
0.000853 0.002490 0.000160 -0.000140 0.000848 -0.000851 0.000918 -0.000434 0.001326 -0.001306 0.002752 -0.000281 0.001682 -0.000842 0.001685 
0.001561 -0.000056 0.000044 0.001236 -0.000356 0.001024 -0.000470 0.001230 -0.000281 0.000893 -0.000281 0.002867 -0.000222 0.000926 -0.000051 
0.001735 0.002988 0.000284 0.000056 0.000403 -0.001632 0.000506 -0.000599 0.001589 -0.002307 0.001682 -0.000222 0.004810 -0.001904 0.002958 
-0.000618 -0.001881 -0.000235 0.000792 0.000327 0.002145 0.000144 0.001336 -0.000748 0.002705 -0.000842 0.000926 -0.001904 0.006115 -0.003054 
0.001918 0.003071 0.000300 0.000118 0.000350 -0.001624 0.000458 -0.000551 0.001582 -0.002340 0.001685 -0.000051 0.002958 -0.003054 0.005277 

--- Landmark 4 ---
Robot pos: (12.028809, -0.039162, -0.009570)
Landmark pos: (11.003667, 6.005904)
q = 37.593740, sqrt(q) = 6.131373
H matrix:
0.160800 0.027269 -1.000000 0.000000 0.000000 0.000000 0.000000 0.000000 0.000000 0.000000 0.000000 -0.160800 -0.027269 0.000000 0.000000 
0.167196 -0.985924 0.000000 0.000000 0.000000 0.000000 0.000000 0.000000 0.000000 0.000000 0.000000 -0.167196 0.985924 0.000000 0.000000 
numEntries: 15 - NUM_MEAS_TYPE: 2 
HT matrix:
0.160800 - Indice i 0 - Indice j 0 
0.167196 - Indice i 0 - Indice j 1 

0.027269 - Indice i 1 - Indice j 0 
-0.985924 - Indice i 1 - Indice j 1 

-1.000000 - Indice i 2 - Indice j 0 
0.000000 - Indice i 2 - Indice j 1 

0.000000 - Indice i 3 - Indice j 0 
0.000000 - Indice i 3 - Indice j 1 

0.000000 - Indice i 4 - Indice j 0 
0.000000 - Indice i 4 - Indice j 1 

0.000000 - Indice i 5 - Indice j 0 
0.000000 - Indice i 5 - Indice j 1 

0.000000 - Indice i 6 - Indice j 0 
0.000000 - Indice i 6 - Indice j 1 

0.000000 - Indice i 7 - Indice j 0 
0.000000 - Indice i 7 - Indice j 1 

0.000000 - Indice i 8 - Indice j 0 
0.000000 - Indice i 8 - Indice j 1 

0.000000 - Indice i 9 - Indice j 0 
0.000000 - Indice i 9 - Indice j 1 

0.000000 - Indice i 10 - Indice j 0 
0.000000 - Indice i 10 - Indice j 1 

-0.160800 - Indice i 11 - Indice j 0 
-0.167196 - Indice i 11 - Indice j 1 

-0.027269 - Indice i 12 - Indice j 0 
0.985924 - Indice i 12 - Indice j 1 

0.000000 - Indice i 13 - Indice j 0 
0.000000 - Indice i 13 - Indice j 1 

0.000000 - Indice i 14 - Indice j 0 
0.000000 - Indice i 14 - Indice j 1 

Expected (beta, range): (1.748352, 6.131373)
Measured (beta, range): (1.748900, 6.132300)

--- Diff vector ---
diff[0][0] = 0.000548
diff[1][0] = 0.000927
Temp1:
0.0010 0.0005 0.0001 0.0001 -0.0000 0.0001 -0.0000 0.0001 0.0000 0.0000 0.0000 -0.0002 -0.0000 -0.0000 0.0000 
-0.0040 -0.0047 -0.0005 -0.0002 -0.0002 0.0002 -0.0003 -0.0000 -0.0004 0.0006 -0.0006 -0.0004 0.0021 -0.0003 0.0002 
Temp2:
0.0002 -0.0003 
-0.0003 0.0061 
Temp3:
0.0003 -0.0003 
-0.0003 0.0125 
Temp4:
4074.5299 94.6423 
94.6423 82.1782 
Temp5:
0.0010 -0.0040 
0.0005 -0.0047 
0.0001 -0.0005 
0.0001 -0.0002 
-0.0000 -0.0002 
0.0001 0.0002 
-0.0000 -0.0003 
0.0001 -0.0000 
0.0000 -0.0004 
0.0000 0.0006 
0.0000 -0.0006 
-0.0002 -0.0004 
-0.0000 0.0021 
-0.0000 -0.0003 
0.0000 0.0002 

--- Kalman Gain ---
K[0][0] = 3.529674
K[0][1] = -0.239479
K[1][0] = 1.516761
K[1][1] = -0.339356
K[2][0] = 0.181942
K[2][1] = -0.034167
K[3][0] = 0.318538
K[3][1] = -0.004662
K[4][0] = -0.071254
K[4][1] = -0.013836
K[5][0] = 0.269163
K[5][1] = 0.021370
K[6][0] = -0.035964
K[6][1] = -0.022912
K[7][0] = 0.329254
K[7][1] = 0.004264
K[8][0] = 0.097894
K[8][1] = -0.031677
K[9][0] = 0.070008
K[9][1] = 0.052532
K[10][0] = 0.123511
K[10][1] = -0.045729
K[11][0] = -1.050893
K[11][1] = -0.054989
K[12][0] = 0.125614
K[12][1] = 0.172758
K[13][0] = -0.076891
K[13][1] = -0.024192
K[14][0] = 0.102813
K[14][1] = 0.019863

--- State Update ---
ΔX[0] = 0.001713
ΔX[1] = 0.000517
ΔX[2] = 0.000068
ΔX[3] = 0.000170
ΔX[4] = -0.000052
ΔX[5] = 0.000167
ΔX[6] = -0.000041
ΔX[7] = 0.000184
ΔX[8] = 0.000024
ΔX[9] = 0.000087
ΔX[10] = 0.000025
ΔX[11] = -0.000627
ΔX[12] = 0.000229
ΔX[13] = -0.000065
ΔX[14] = 0.000075
Temp6:
0.5275 0.3324 -3.5297 0.0000 0.0000 0.0000 0.0000 0.0000 0.0000 0.0000 0.0000 -0.5275 -0.3324 0.0000 0.0000 
0.1872 0.3759 -1.5168 0.0000 0.0000 0.0000 0.0000 0.0000 0.0000 0.0000 0.0000 -0.1872 -0.3759 0.0000 0.0000 
0.0235 0.0386 -0.1819 0.0000 0.0000 0.0000 0.0000 0.0000 0.0000 0.0000 0.0000 -0.0235 -0.0386 0.0000 0.0000 
0.0504 0.0133 -0.3185 0.0000 0.0000 0.0000 0.0000 0.0000 0.0000 0.0000 0.0000 -0.0504 -0.0133 0.0000 0.0000 
-0.0138 0.0117 0.0713 0.0000 0.0000 0.0000 0.0000 0.0000 0.0000 0.0000 0.0000 0.0138 -0.0117 0.0000 0.0000 
0.0469 -0.0137 -0.2692 0.0000 0.0000 0.0000 0.0000 0.0000 0.0000 0.0000 0.0000 -0.0469 0.0137 0.0000 0.0000 
-0.0096 0.0216 0.0360 0.0000 0.0000 0.0000 0.0000 0.0000 0.0000 0.0000 0.0000 0.0096 -0.0216 0.0000 0.0000 
0.0537 0.0048 -0.3293 0.0000 0.0000 0.0000 0.0000 0.0000 0.0000 0.0000 0.0000 -0.0537 -0.0048 0.0000 0.0000 
0.0104 0.0339 -0.0979 0.0000 0.0000 0.0000 0.0000 0.0000 0.0000 0.0000 0.0000 -0.0104 -0.0339 0.0000 0.0000 
0.0200 -0.0499 -0.0700 0.0000 0.0000 0.0000 0.0000 0.0000 0.0000 0.0000 0.0000 -0.0200 0.0499 0.0000 0.0000 
0.0122 0.0485 -0.1235 0.0000 0.0000 0.0000 0.0000 0.0000 0.0000 0.0000 0.0000 -0.0122 -0.0485 0.0000 0.0000 
-0.1782 0.0256 1.0509 0.0000 0.0000 0.0000 0.0000 0.0000 0.0000 0.0000 0.0000 0.1782 -0.0256 0.0000 0.0000 
0.0491 -0.1669 -0.1256 0.0000 0.0000 0.0000 0.0000 0.0000 0.0000 0.0000 0.0000 -0.0491 0.1669 0.0000 0.0000 
-0.0164 0.0218 0.0769 0.0000 0.0000 0.0000 0.0000 0.0000 0.0000 0.0000 0.0000 0.0164 -0.0218 0.0000 0.0000 
0.0199 -0.0168 -0.1028 0.0000 0.0000 0.0000 0.0000 0.0000 0.0000 0.0000 0.0000 -0.0199 0.0168 0.0000 0.0000 
CovUpdate:
0.4725 -0.3324 3.5297 0.0000 0.0000 0.0000 0.0000 0.0000 0.0000 0.0000 0.0000 0.5275 0.3324 0.0000 0.0000 
-0.1872 0.6241 1.5168 0.0000 0.0000 0.0000 0.0000 0.0000 0.0000 0.0000 0.0000 0.1872 0.3759 0.0000 0.0000 
-0.0235 -0.0386 1.1819 0.0000 0.0000 0.0000 0.0000 0.0000 0.0000 0.0000 0.0000 0.0235 0.0386 0.0000 0.0000 
-0.0504 -0.0133 0.3185 1.0000 0.0000 0.0000 0.0000 0.0000 0.0000 0.0000 0.0000 0.0504 0.0133 0.0000 0.0000 
0.0138 -0.0117 -0.0713 0.0000 1.0000 0.0000 0.0000 0.0000 0.0000 0.0000 0.0000 -0.0138 0.0117 0.0000 0.0000 
-0.0469 0.0137 0.2692 0.0000 0.0000 1.0000 0.0000 0.0000 0.0000 0.0000 0.0000 0.0469 -0.0137 0.0000 0.0000 
0.0096 -0.0216 -0.0360 0.0000 0.0000 0.0000 1.0000 0.0000 0.0000 0.0000 0.0000 -0.0096 0.0216 0.0000 0.0000 
-0.0537 -0.0048 0.3293 0.0000 0.0000 0.0000 0.0000 1.0000 0.0000 0.0000 0.0000 0.0537 0.0048 0.0000 0.0000 
-0.0104 -0.0339 0.0979 0.0000 0.0000 0.0000 0.0000 0.0000 1.0000 0.0000 0.0000 0.0104 0.0339 0.0000 0.0000 
-0.0200 0.0499 0.0700 0.0000 0.0000 0.0000 0.0000 0.0000 0.0000 1.0000 0.0000 0.0200 -0.0499 0.0000 0.0000 
-0.0122 -0.0485 0.1235 0.0000 0.0000 0.0000 0.0000 0.0000 0.0000 0.0000 1.0000 0.0122 0.0485 0.0000 0.0000 
0.1782 -0.0256 -1.0509 0.0000 0.0000 0.0000 0.0000 0.0000 0.0000 0.0000 0.0000 0.8218 0.0256 0.0000 0.0000 
-0.0491 0.1669 0.1256 0.0000 0.0000 0.0000 0.0000 0.0000 0.0000 0.0000 0.0000 0.0491 0.8331 0.0000 0.0000 
0.0164 -0.0218 -0.0769 0.0000 0.0000 0.0000 0.0000 0.0000 0.0000 0.0000 0.0000 -0.0164 0.0218 1.0000 0.0000 
-0.0199 0.0168 0.1028 0.0000 0.0000 0.0000 0.0000 0.0000 0.0000 0.0000 0.0000 0.0199 -0.0168 0.0000 1.0000 
Temp7:
0.0104 0.0052 0.0010 0.0020 -0.0014 -0.0002 -0.0013 0.0012 0.0002 -0.0016 0.0006 0.0023 0.0023 -0.0006 0.0019 
0.0052 0.0068 0.0007 0.0002 0.0003 -0.0020 0.0006 -0.0006 0.0019 -0.0032 0.0022 0.0002 0.0037 -0.0020 0.0031 
0.0010 0.0007 0.0001 0.0001 -0.0002 -0.0003 -0.0001 -0.0001 0.0001 -0.0004 0.0001 0.0001 0.0004 -0.0002 0.0003 
0.0020 0.0002 0.0001 0.0023 -0.0002 0.0009 -0.0004 0.0012 -0.0002 0.0008 -0.0002 0.0013 0.0001 0.0008 0.0001 
-0.0014 0.0003 -0.0002 -0.0002 0.0026 0.0002 0.0013 -0.0001 0.0009 0.0005 0.0008 -0.0004 0.0004 0.0003 0.0004 
-0.0002 -0.0020 -0.0003 0.0009 0.0002 0.0049 0.0004 0.0014 -0.0007 0.0026 -0.0008 0.0011 -0.0017 0.0022 -0.0016 
-0.0013 0.0006 -0.0001 -0.0004 0.0013 0.0004 0.0027 -0.0003 0.0009 0.0002 0.0009 -0.0005 0.0006 0.0001 0.0005 
0.0012 -0.0006 -0.0001 0.0012 -0.0001 0.0014 -0.0003 0.0028 -0.0005 0.0015 -0.0004 0.0013 -0.0006 0.0013 -0.0006 
0.0002 0.0019 0.0001 -0.0002 0.0009 -0.0007 0.0009 -0.0005 0.0026 -0.0010 0.0013 -0.0003 0.0017 -0.0008 0.0016 
-0.0016 -0.0032 -0.0004 0.0008 0.0005 0.0026 0.0002 0.0015 -0.0010 0.0070 -0.0013 0.0009 -0.0024 0.0027 -0.0024 
0.0006 0.0022 0.0001 -0.0002 0.0008 -0.0008 0.0009 -0.0004 0.0013 -0.0013 0.0027 -0.0003 0.0018 -0.0009 0.0017 
0.0023 0.0002 0.0001 0.0013 -0.0004 0.0011 -0.0005 0.0013 -0.0003 0.0009 -0.0003 0.0026 -0.0001 0.0009 -0.0000 
0.0023 0.0037 0.0004 0.0001 0.0004 -0.0017 0.0006 -0.0006 0.0017 -0.0024 0.0018 -0.0001 0.0044 -0.0019 0.0029 
-0.0006 -0.0020 -0.0002 0.0008 0.0003 0.0022 0.0001 0.0013 -0.0008 0.0027 -0.0009 0.0009 -0.0019 0.0061 -0.0030 
0.0019 0.0031 0.0003 0.0001 0.0004 -0.0016 0.0005 -0.0006 0.0016 -0.0024 0.0017 -0.0000 0.0029 -0.0030 0.0053 
Matriz P después de update:
0.010380 0.005226 0.001018 0.001965 -0.001394 -0.000230 -0.001267 0.001194 0.000232 -0.001618 0.000550 0.002348 0.002309 -0.000642 0.001900 
0.005226 0.006793 0.000741 0.000212 0.000349 -0.002036 0.000571 -0.000650 0.001949 -0.003190 0.002217 0.000192 0.003737 -0.001958 0.003114 
0.001018 0.000741 0.000144 0.000077 -0.000158 -0.000251 -0.000121 -0.000053 0.000079 -0.000438 0.000131 0.000076 0.000359 -0.000243 0.000303 
0.001965 0.000212 0.000077 0.002252 -0.000238 0.000936 -0.000391 0.001168 -0.000171 0.000769 -0.000157 0.001314 0.000071 0.000794 0.000112 
-0.001394 0.000349 -0.000158 -0.000238 0.002642 0.000180 0.001268 -0.000143 0.000903 0.000457 0.000843 -0.000379 0.000431 0.000322 0.000354 
-0.000230 -0.002036 -0.000251 0.000936 0.000180 0.004940 0.000370 0.001443 -0.000749 0.002631 -0.000850 0.001099 -0.001672 0.002154 -0.001634 
-0.001267 0.000571 -0.000121 -0.000391 0.001268 0.000370 0.002721 -0.000282 0.000945 0.000222 0.000906 -0.000487 0.000554 0.000137 0.000464 
0.001194 -0.000650 -0.000053 0.001168 -0.000143 0.001443 -0.000282 0.002825 -0.000457 0.001519 -0.000446 0.001314 -0.000602 0.001341 -0.000559 
0.000232 0.001949 0.000079 -0.000171 0.000903 -0.000749 0.000945 -0.000457 0.002647 -0.000951 0.001302 -0.000269 0.001658 -0.000755 0.001587 
-0.001618 -0.003190 -0.000438 0.000769 0.000457 0.002631 0.000222 0.001519 -0.000951 0.007035 -0.001278 0.000931 -0.002417 0.002721 -0.002353 
0.000550 0.002217 0.000131 -0.000157 0.000843 -0.000850 0.000906 -0.000446 0.001302 -0.001278 0.002719 -0.000268 0.001781 -0.000853 0.001692 
0.002348 0.000192 0.000076 0.001314 -0.000379 0.001099 -0.000487 0.001314 -0.000269 0.000931 -0.000268 0.002584 -0.000125 0.000898 -0.000018 
0.002309 0.003737 0.000359 0.000071 0.000431 -0.001672 0.000554 -0.000602 0.001658 -0.002417 0.001781 -0.000125 0.004446 -0.001854 0.002918 
-0.000642 -0.001958 -0.000243 0.000794 0.000322 0.002154 0.000137 0.001341 -0.000755 0.002721 -0.000853 0.000898 -0.001854 0.006107 -0.003047 
0.001900 0.003114 0.000303 0.000112 0.000354 -0.001634 0.000464 -0.000559 0.001587 -0.002353 0.001692 -0.000018 0.002918 -0.003047 0.005271 

--- Landmark 5 ---
Robot pos: (12.030522, -0.038645, -0.009502)
Landmark pos: (11.000241, 12.003732)
q = 146.080305, sqrt(q) = 12.086369
H matrix:
0.082437 0.007053 -1.000000 0.000000 0.000000 0.000000 0.000000 0.000000 0.000000 0.000000 0.000000 0.000000 0.000000 -0.082437 -0.007053 
0.085243 -0.996360 0.000000 0.000000 0.000000 0.000000 0.000000 0.000000 0.000000 0.000000 0.000000 0.000000 0.000000 -0.085243 0.996360 
numEntries: 15 - NUM_MEAS_TYPE: 2 
HT matrix:
0.082437 - Indice i 0 - Indice j 0 
0.085243 - Indice i 0 - Indice j 1 

0.007053 - Indice i 1 - Indice j 0 
-0.996360 - Indice i 1 - Indice j 1 

-1.000000 - Indice i 2 - Indice j 0 
0.000000 - Indice i 2 - Indice j 1 

0.000000 - Indice i 3 - Indice j 0 
0.000000 - Indice i 3 - Indice j 1 

0.000000 - Indice i 4 - Indice j 0 
0.000000 - Indice i 4 - Indice j 1 

0.000000 - Indice i 5 - Indice j 0 
0.000000 - Indice i 5 - Indice j 1 

0.000000 - Indice i 6 - Indice j 0 
0.000000 - Indice i 6 - Indice j 1 

0.000000 - Indice i 7 - Indice j 0 
0.000000 - Indice i 7 - Indice j 1 

0.000000 - Indice i 8 - Indice j 0 
0.000000 - Indice i 8 - Indice j 1 

0.000000 - Indice i 9 - Indice j 0 
0.000000 - Indice i 9 - Indice j 1 

0.000000 - Indice i 10 - Indice j 0 
0.000000 - Indice i 10 - Indice j 1 

0.000000 - Indice i 11 - Indice j 0 
0.000000 - Indice i 11 - Indice j 1 

0.000000 - Indice i 12 - Indice j 0 
0.000000 - Indice i 12 - Indice j 1 

-0.082437 - Indice i 13 - Indice j 0 
-0.085243 - Indice i 13 - Indice j 1 

-0.007053 - Indice i 14 - Indice j 0 
0.996360 - Indice i 14 - Indice j 1 

Expected (beta, range): (1.665645, 12.086369)
Measured (beta, range): (1.665200, 12.075400)

--- Diff vector ---
diff[0][0] = -0.000445
diff[1][0] = -0.010969
Temp1:
-0.0001 -0.0001 -0.0000 0.0000 0.0000 0.0001 0.0000 0.0000 0.0000 0.0001 -0.0000 0.0000 -0.0000 -0.0003 0.0001 
-0.0024 -0.0031 -0.0003 0.0000 -0.0001 0.0002 -0.0002 0.0001 -0.0003 0.0005 -0.0004 -0.0001 -0.0005 -0.0017 0.0026 
Temp2:
0.0001 0.0002 
0.0002 0.0055 
Temp3:
0.0002 0.0002 
0.0002 0.0119 
Temp4:
6715.6327 -129.4222 
-129.4222 86.2305 
Temp5:
-0.0001 -0.0024 
-0.0001 -0.0031 
-0.0000 -0.0003 
0.0000 0.0000 
0.0000 -0.0001 
0.0001 0.0002 
0.0000 -0.0002 
0.0000 0.0001 
0.0000 -0.0003 
0.0001 0.0005 
-0.0000 -0.0004 
0.0000 -0.0001 
-0.0000 -0.0005 
-0.0003 -0.0017 
0.0001 0.0026 

--- Kalman Gain ---
K[0][0] = -0.270388
K[0][1] = -0.193610
K[1][0] = -0.430425
K[1][1] = -0.247378
K[2][0] = -0.203956
K[2][1] = -0.023589
K[3][0] = 0.137425
K[3][1] = -0.002640
K[4][0] = 0.130934
K[4][1] = -0.014284
K[5][0] = 0.318038
K[5][1] = 0.010441
K[6][0] = 0.071955
K[6][1] = -0.020369
K[7][0] = 0.263343
K[7][1] = 0.001464
K[8][0] = 0.071485
K[8][1] = -0.024534
K[9][0] = 0.438850
K[9][1] = 0.030421
K[10][0] = -0.026704
K[10][1] = -0.033227
K[11][0] = 0.314764
K[11][1] = -0.013204
K[12][0] = -0.011143
K[12][1] = -0.038380
K[13][0] = -1.840042
K[13][1] = -0.103597
K[14][0] = 0.266612
K[14][1] = 0.210085

--- State Update ---
ΔX[0] = 0.002244
ΔX[1] = 0.002905
ΔX[2] = 0.000350
ΔX[3] = -0.000032
ΔX[4] = 0.000098
ΔX[5] = -0.000256
ΔX[6] = 0.000191
ΔX[7] = -0.000133
ΔX[8] = 0.000237
ΔX[9] = -0.000529
ΔX[10] = 0.000376
ΔX[11] = 0.000005
ΔX[12] = 0.000426
ΔX[13] = 0.001956
ΔX[14] = -0.002423
Temp6:
-0.0388 0.1910 0.2704 0.0000 0.0000 0.0000 0.0000 0.0000 0.0000 0.0000 0.0000 0.0000 0.0000 0.0388 -0.1910 
-0.0566 0.2434 0.4304 0.0000 0.0000 0.0000 0.0000 0.0000 0.0000 0.0000 0.0000 0.0000 0.0000 0.0566 -0.2434 
-0.0188 0.0221 0.2040 0.0000 0.0000 0.0000 0.0000 0.0000 0.0000 0.0000 0.0000 0.0000 0.0000 0.0188 -0.0221 
0.0111 0.0036 -0.1374 0.0000 0.0000 0.0000 0.0000 0.0000 0.0000 0.0000 0.0000 0.0000 0.0000 -0.0111 -0.0036 
0.0096 0.0152 -0.1309 0.0000 0.0000 0.0000 0.0000 0.0000 0.0000 0.0000 0.0000 0.0000 0.0000 -0.0096 -0.0152 
0.0271 -0.0082 -0.3180 0.0000 0.0000 0.0000 0.0000 0.0000 0.0000 0.0000 0.0000 0.0000 0.0000 -0.0271 0.0082 
0.0042 0.0208 -0.0720 0.0000 0.0000 0.0000 0.0000 0.0000 0.0000 0.0000 0.0000 0.0000 0.0000 -0.0042 -0.0208 
0.0218 0.0004 -0.2633 0.0000 0.0000 0.0000 0.0000 0.0000 0.0000 0.0000 0.0000 0.0000 0.0000 -0.0218 -0.0004 
0.0038 0.0249 -0.0715 0.0000 0.0000 0.0000 0.0000 0.0000 0.0000 0.0000 0.0000 0.0000 0.0000 -0.0038 -0.0249 
0.0388 -0.0272 -0.4388 0.0000 0.0000 0.0000 0.0000 0.0000 0.0000 0.0000 0.0000 0.0000 0.0000 -0.0388 0.0272 
-0.0050 0.0329 0.0267 0.0000 0.0000 0.0000 0.0000 0.0000 0.0000 0.0000 0.0000 0.0000 0.0000 0.0050 -0.0329 
0.0248 0.0154 -0.3148 0.0000 0.0000 0.0000 0.0000 0.0000 0.0000 0.0000 0.0000 0.0000 0.0000 -0.0248 -0.0154 
-0.0042 0.0382 0.0111 0.0000 0.0000 0.0000 0.0000 0.0000 0.0000 0.0000 0.0000 0.0000 0.0000 0.0042 -0.0382 
-0.1605 0.0902 1.8400 0.0000 0.0000 0.0000 0.0000 0.0000 0.0000 0.0000 0.0000 0.0000 0.0000 0.1605 -0.0902 
0.0399 -0.2074 -0.2666 0.0000 0.0000 0.0000 0.0000 0.0000 0.0000 0.0000 0.0000 0.0000 0.0000 -0.0399 0.2074 
CovUpdate:
1.0388 -0.1910 -0.2704 0.0000 0.0000 0.0000 0.0000 0.0000 0.0000 0.0000 0.0000 0.0000 0.0000 -0.0388 0.1910 
0.0566 0.7566 -0.4304 0.0000 0.0000 0.0000 0.0000 0.0000 0.0000 0.0000 0.0000 0.0000 0.0000 -0.0566 0.2434 
0.0188 -0.0221 0.7960 0.0000 0.0000 0.0000 0.0000 0.0000 0.0000 0.0000 0.0000 0.0000 0.0000 -0.0188 0.0221 
-0.0111 -0.0036 0.1374 1.0000 0.0000 0.0000 0.0000 0.0000 0.0000 0.0000 0.0000 0.0000 0.0000 0.0111 0.0036 
-0.0096 -0.0152 0.1309 0.0000 1.0000 0.0000 0.0000 0.0000 0.0000 0.0000 0.0000 0.0000 0.0000 0.0096 0.0152 
-0.0271 0.0082 0.3180 0.0000 0.0000 1.0000 0.0000 0.0000 0.0000 0.0000 0.0000 0.0000 0.0000 0.0271 -0.0082 
-0.0042 -0.0208 0.0720 0.0000 0.0000 0.0000 1.0000 0.0000 0.0000 0.0000 0.0000 0.0000 0.0000 0.0042 0.0208 
-0.0218 -0.0004 0.2633 0.0000 0.0000 0.0000 0.0000 1.0000 0.0000 0.0000 0.0000 0.0000 0.0000 0.0218 0.0004 
-0.0038 -0.0249 0.0715 0.0000 0.0000 0.0000 0.0000 0.0000 1.0000 0.0000 0.0000 0.0000 0.0000 0.0038 0.0249 
-0.0388 0.0272 0.4388 0.0000 0.0000 0.0000 0.0000 0.0000 0.0000 1.0000 0.0000 0.0000 0.0000 0.0388 -0.0272 
0.0050 -0.0329 -0.0267 0.0000 0.0000 0.0000 0.0000 0.0000 0.0000 0.0000 1.0000 0.0000 0.0000 -0.0050 0.0329 
-0.0248 -0.0154 0.3148 0.0000 0.0000 0.0000 0.0000 0.0000 0.0000 0.0000 0.0000 1.0000 0.0000 0.0248 0.0154 
0.0042 -0.0382 -0.0111 0.0000 0.0000 0.0000 0.0000 0.0000 0.0000 0.0000 0.0000 0.0000 1.0000 -0.0042 0.0382 
0.1605 -0.0902 -1.8400 0.0000 0.0000 0.0000 0.0000 0.0000 0.0000 0.0000 0.0000 0.0000 0.0000 0.8395 0.0902 
-0.0399 0.2074 0.2666 0.0000 0.0000 0.0000 0.0000 0.0000 0.0000 0.0000 0.0000 0.0000 0.0000 0.0399 0.7926 
Temp7:
0.0099 0.0046 0.0009 0.0020 -0.0014 -0.0002 -0.0013 0.0012 0.0002 -0.0015 0.0005 0.0023 0.0022 -0.0010 0.0024 
0.0046 0.0060 0.0006 0.0002 0.0003 -0.0020 0.0005 -0.0006 0.0019 -0.0030 0.0021 0.0002 0.0036 -0.0025 0.0038 
0.0009 0.0006 0.0001 0.0001 -0.0002 -0.0002 -0.0001 -0.0000 0.0001 -0.0004 0.0001 0.0001 0.0003 -0.0003 0.0004 
0.0020 0.0002 0.0001 0.0022 -0.0002 0.0009 -0.0004 0.0012 -0.0002 0.0008 -0.0002 0.0013 0.0001 0.0008 0.0001 
-0.0014 0.0003 -0.0002 -0.0002 0.0026 0.0002 0.0013 -0.0001 0.0009 0.0005 0.0008 -0.0004 0.0004 0.0003 0.0004 
-0.0002 -0.0020 -0.0002 0.0009 0.0002 0.0049 0.0004 0.0014 -0.0007 0.0026 -0.0008 0.0011 -0.0017 0.0023 -0.0017 
-0.0013 0.0005 -0.0001 -0.0004 0.0013 0.0004 0.0027 -0.0003 0.0009 0.0002 0.0009 -0.0005 0.0005 0.0001 0.0005 
0.0012 -0.0006 -0.0000 0.0012 -0.0001 0.0014 -0.0003 0.0028 -0.0005 0.0015 -0.0004 0.0013 -0.0006 0.0014 -0.0006 
0.0002 0.0019 0.0001 -0.0002 0.0009 -0.0007 0.0009 -0.0005 0.0026 -0.0009 0.0013 -0.0003 0.0016 -0.0008 0.0016 
-0.0015 -0.0030 -0.0004 0.0008 0.0005 0.0026 0.0002 0.0015 -0.0009 0.0070 -0.0013 0.0009 -0.0024 0.0029 -0.0025 
0.0005 0.0021 0.0001 -0.0002 0.0008 -0.0008 0.0009 -0.0004 0.0013 -0.0013 0.0027 -0.0003 0.0018 -0.0009 0.0018 
0.0023 0.0002 0.0001 0.0013 -0.0004 0.0011 -0.0005 0.0013 -0.0003 0.0009 -0.0003 0.0026 -0.0001 0.0010 -0.0000 
0.0022 0.0036 0.0003 0.0001 0.0004 -0.0017 0.0005 -0.0006 0.0016 -0.0024 0.0018 -0.0001 0.0044 -0.0019 0.0030 
-0.0010 -0.0025 -0.0003 0.0008 0.0003 0.0023 0.0001 0.0014 -0.0008 0.0029 -0.0009 0.0010 -0.0019 0.0054 -0.0026 
0.0024 0.0038 0.0004 0.0001 0.0004 -0.0017 0.0005 -0.0006 0.0016 -0.0025 0.0018 -0.0000 0.0030 -0.0026 0.0047 
Matriz P después de update:
0.009897 0.004601 0.000945 0.001971 -0.001417 -0.000178 -0.001309 0.001220 0.000180 -0.001508 0.000469 0.002344 0.002217 -0.001046 0.002421 
0.004601 0.005985 0.000644 0.000221 0.000321 -0.001965 0.000518 -0.000613 0.001883 -0.003044 0.002112 0.000191 0.003618 -0.002500 0.003788 
0.000945 0.000644 0.000128 0.000081 -0.000158 -0.000235 -0.000125 -0.000043 0.000073 -0.000412 0.000119 0.000083 0.000346 -0.000344 0.000382 
0.001971 0.000221 0.000081 0.002249 -0.000241 0.000930 -0.000393 0.001162 -0.000173 0.000760 -0.000157 0.001307 0.000072 0.000832 0.000107 
-0.001417 0.000321 -0.000158 -0.000241 0.002637 0.000176 0.001264 -0.000147 0.000898 0.000454 0.000839 -0.000386 0.000426 0.000338 0.000379 
-0.000178 -0.001965 -0.000235 0.000930 0.000176 0.004921 0.000371 0.001429 -0.000748 0.002603 -0.000842 0.001085 -0.001664 0.002269 -0.001689 
-0.001309 0.000518 -0.000125 -0.000393 0.001264 0.000371 0.002716 -0.000284 0.000939 0.000226 0.000898 -0.000492 0.000546 0.000125 0.000510 
0.001220 -0.000613 -0.000043 0.001162 -0.000147 0.001429 -0.000284 0.002814 -0.000458 0.001498 -0.000443 0.001302 -0.000598 0.001424 -0.000586 
0.000180 0.001883 0.000073 -0.000173 0.000898 -0.000748 0.000939 -0.000458 0.002639 -0.000945 0.001293 -0.000274 0.001648 -0.000774 0.001643 
-0.001508 -0.003044 -0.000412 0.000760 0.000454 0.002603 0.000226 0.001498 -0.000945 0.006989 -0.001260 0.000913 -0.002399 0.002906 -0.002470 
0.000469 0.002112 0.000119 -0.000157 0.000839 -0.000842 0.000898 -0.000443 0.001293 -0.001260 0.002705 -0.000270 0.001765 -0.000917 0.001780 
0.002344 0.000191 0.000083 0.001307 -0.000386 0.001085 -0.000492 0.001302 -0.000274 0.000913 -0.000270 0.002569 -0.000128 0.000972 -0.000012 
0.002217 0.003618 0.000346 0.000072 0.000426 -0.001664 0.000546 -0.000598 0.001648 -0.002399 0.001765 -0.000128 0.004428 -0.001921 0.003018 
-0.001046 -0.002500 -0.000344 0.000832 0.000338 0.002269 0.000125 0.001424 -0.000774 0.002906 -0.000917 0.000972 -0.001921 0.005372 -0.002617 
0.002421 0.003788 0.000382 0.000107 0.000379 -0.001689 0.000510 -0.000586 0.001643 -0.002470 0.001780 -0.000012 0.003018 -0.002617 0.004707 
Size = 2 
[HOOKS] ROI end
